aptDong,aptNm,buildYear,buyerGbn,cdealDay,cdealType,dealAmount,dealDay,dealMonth,dealYear,dealingGbn,estateAgentSggNm,excluUseAr,floor,jibun,landLeaseholdGbn,rgstDate,sggCd,slerGbn,umdNm,buildingAge,isHighFloor,dealYearMonth,dealQuarter,estateAgentSggNmClean,aptAddress,isStationNearby,aptLat,aptLng,area_bin,nearestElementaryDistance,nearestElementaryName,nearestMiddleDistance,nearestMiddleName,isSchoolPremium
306,우장산롯데캐슬,2003,개인, , ,110000,29,3,2025,중개거래,서울 강서구,85.0,14,1145,N,25.07.01,11500,개인,화곡동,22,0,2025-03,1,서울 강서구,서울 강서구 화곡동 1145,0,37.5556368030986,126.848318501804,60~90,488.6887008828377,서울등원초등학교,549.7779971750749,등원중학교,True
 ,청솔102동,1997,개인, , ,56991,17,3,2025,직거래, ,117.69,7,673-14,N,25.07.01,11500,개인,내발산동,28,0,2025-03,1, ,  내발산동 673-14,0,37.5530862249558,126.841165009891,90~120,360.7375085000248,서울내발산초등학교,641.0414159295394,명덕여자중학교,True
 ,강변,1992,개인, , ,73000,29,3,2025,중개거래,서울 강서구,49.5,4,1475,N, ,11500,개인,가양동,33,0,2025-03,1,서울 강서구,서울 강서구 가양동 1475,1,37.5652163063579,126.855667621933,30~60,336.3626633132198,서울탑산초등학교,478.4224789287357,경서중학교,True
703,마곡엠밸리7단지,2014,개인, , ,170000,8,3,2025,중개거래,서울 강서구,84.91,12,743-4,N,25.06.23,11500,개인,마곡동,11,0,2025-03,1,서울 강서구,서울 강서구 마곡동 743-4,1,37.5648812125749,126.823376663134,60~90,268.9169831745912,서울공항초등학교,394.0812278889057,마곡중학교,True
410,마곡수명산파크4단지,2008,개인, , ,90000,23,3,2025,중개거래,서울 강서구,59.84,10,753,N,25.07.25,11500,개인,내발산동,17,0,2025-03,1,서울 강서구,서울 강서구 내발산동 753,0,37.5512348671569,126.823351155728,30~60,176.9456436477628,서울수명초등학교,302.64821743453786,수명중학교,True
 ,등촌동아이파크,2004,개인, , ,123000,10,3,2025,중개거래,서울 강서구,134.8836,9,715,N, ,11500,개인,등촌동,21,0,2025-03,1,서울 강서구,서울 강서구 등촌동 715,0,37.5439005769284,126.859981715413,120~150,254.28408858802376,서울등마초등학교,495.66680848427035,백석중학교,True
103,강서쌍용예가,2014,개인, , ,101000,20,3,2025,중개거래,서울 강서구,84.9025,18,308,N,25.06.30,11500,개인,염창동,11,1,2025-03,1,서울 강서구,서울 강서구 염창동 308,0,37.5554016793389,126.866556386664,60~90,258.47489868972553,서울염창초등학교,363.9018617687139,염경중학교,True
 ,요산페어뷰,2013,개인, , ,45000,6,3,2025,중개거래,서울 강서구,73.8,2,377-21,N,25.06.16,11500,개인,화곡동,12,0,2025-03,1,서울 강서구,서울 강서구 화곡동 377-21,0,37.5372146687228,126.835554973928,60~90,254.94513042599058,서울월정초등학교,616.2580906788146,화원중학교,True
2,신동아,1995,개인, , ,67500,22,3,2025,중개거래,서울 강서구,59.82,9,289,N,25.07.31,11500,개인,염창동,30,0,2025-03,1,서울 강서구,서울 강서구 염창동 289,0,37.5551294880285,126.869050974189,30~60,190.83593449074172,서울염경초등학교,146.19929450410322,염경중학교,True
 ,주공3,1995,개인, , ,57400,3,3,2025,중개거래,서울 강서구,37.67,6,688,N, ,11500,개인,등촌동,30,0,2025-03,1,서울 강서구,서울 강서구 등촌동 688,1,37.5616418349754,126.841111422493,30~60,139.5977986133136,서울등명초등학교,251.74681000774885,등명중학교,True
102,마곡금호어울림,2005,개인, , ,91000,15,3,2025,중개거래,서울 강서구,84.948,11,717,N,25.06.27,11500,개인,마곡동,20,0,2025-03,1,서울 강서구,서울 강서구 마곡동 717,0,37.5745942801032,126.837612448089,60~90,517.8150903587243,서울양천초등학교,890.6414417808256,성재중학교,False
105,강변한솔솔파크,2005,개인, , ,107000,25,3,2025,중개거래,서울 강서구,84.97,23,300,N,25.07.04,11500,개인,염창동,20,1,2025-03,1,서울 강서구,서울 강서구 염창동 300,0,37.5566842439508,126.866552401948,60~90,394.81737002060237,서울염창초등학교,424.5347607788511,염경중학교,True
 ,스위트드림아파트,2019,개인, , ,43000,29,3,2025,중개거래,서울 강서구,49.53,4,1168,N,25.05.16,11500,법인,화곡동,6,0,2025-03,1,서울 강서구,서울 강서구 화곡동 1168,1,37.5439270920666,126.836189632424,30~60,489.4465812187484,서울신월초등학교,586.5554541023882,화곡중학교,True
 ,요산페어뷰,2013,개인, , ,45000,6,3,2025,중개거래,서울 강서구,73.8,2,377-21,N,25.06.16,11500,개인,화곡동,12,0,2025-03,1,서울 강서구,서울 강서구 화곡동 377-21,0,37.5372146687228,126.835554973928,60~90,254.94513042599058,서울월정초등학교,616.2580906788146,화원중학교,True
1403,마곡엠벨리(14단지),2014,개인, , ,178000,29,3,2025,중개거래,서울 강서구,114.86,6,750,N,25.07.18,11500,개인,마곡동,11,0,2025-03,1,서울 강서구,서울 강서구 마곡동 750,1,37.5568364485914,126.824616701317,90~120,194.35554043112242,서울공진초등학교,353.2979872165277,마곡하늬중학교,True
108,초록,1998,개인, , ,70000,26,3,2025,중개거래,서울 강서구,59.34,4,1139,N,25.07.29,11500,개인,화곡동,27,0,2025-03,1,서울 강서구,서울 강서구 화곡동 1139,1,37.545684414842,126.833623087174,30~60,531.6052700542137,서울강신초등학교,314.05879144888075,화곡중학교,True
101,가양강나루현대,1999,개인, , ,89500,1,3,2025,중개거래,"서울 강서구, 서울 서초구",59.76,11,448-1,N,25.06.20,11500,개인,가양동,26,0,2025-03,1,서울 강서구,서울 강서구 가양동 448-1,1,37.5607561619781,126.856971359725,30~60,212.2597732587823,서울가양초등학교,88.37319482365415,경서중학교,True
 ,가양강나루현대,1999,개인,25.04.28,O,89500,1,3,2025,중개거래,"서울 강서구, 서울 서초구",59.76,11,448-1,N, ,11500,개인,가양동,26,0,2025-03,1,서울 강서구,서울 강서구 가양동 448-1,1,37.5607561619781,126.856971359725,30~60,212.2597732587823,서울가양초등학교,88.37319482365415,경서중학교,True
1018동,마곡엠밸리10단지,2016,개인, , ,136000,14,3,2025,중개거래,서울 강서구,84.89,10,747,N,25.07.15,11500,개인,마곡동,9,0,2025-03,1,서울 강서구,서울 강서구 마곡동 747,1,37.5592884593333,126.81932504091,60~90,347.52680342689746,서울공진초등학교,192.28437456811307,마곡하늬중학교,True
106,동성,1993,개인, , ,60000,28,3,2025,중개거래,서울 강서구,64.65,1,817,N,25.04.24,11500,개인,방화동,32,0,2025-03,1,서울 강서구,서울 강서구 방화동 817,1,37.579602932122,126.812182127338,60~90,179.8431050515093,서울삼정초등학교,251.0815424434673,삼정중학교,True
 ,태영,1999,개인, , ,70000,26,3,2025,직거래, ,84.93,2,270-1,N, ,11500,개인,염창동,26,0,2025-03,1, ,  염창동 270-1,1,37.5533776970786,126.867211516118,60~90,38.242049574129545,서울염창초등학교,320.1901609172965,염경중학교,True
603,가양6단지,1992,개인, , ,73500,11,3,2025,중개거래,서울 강서구,49.5,10,1485,N,25.06.09,11500,개인,가양동,33,0,2025-03,1,서울 강서구,서울 강서구 가양동 1485,1,37.5632291233676,126.859294056062,30~60,131.42417741845085,서울가양초등학교,258.69662257001545,경서중학교,True
101동,신마곡벽산블루밍,2020,개인, , ,89500,26,3,2025,직거래, ,72.8607,5,904,N,25.06.25,11500,개인,방화동,5,0,2025-03,1, ,  방화동 904,1,37.5712896980823,126.808179412194,60~90,293.21545882664145,서울방화초등학교,493.7899615594965,방원중학교,True
101,화곡1차보람더하임,2003,개인, , ,40000,26,3,2025,직거래, ,68.37,11,1087,N,25.04.23,11500,개인,화곡동,22,0,2025-03,1, ,  화곡동 1087,0,37.5383617579482,126.834992940937,60~90,391.0367975916783,서울월정초등학교,538.0129958397899,신화중학교,True
1,NS파크APT,2018,개인, , ,25500,26,3,2025,중개거래,서울 강서구,29.93,4,1076-9,N,25.05.27,11500,개인,화곡동,7,0,2025-03,1,서울 강서구,서울 강서구 화곡동 1076-9,1,37.5409500349642,126.841689303276,~30,207.80592242732948,서울신월초등학교,529.5142458564558,화원중학교,True
612,가양6단지,1992,개인, , ,79000,29,3,2025,중개거래,"서울 강서구, 서울 용산구",49.5,15,1485,N,25.06.20,11500,개인,가양동,33,1,2025-03,1,서울 강서구,서울 강서구 가양동 1485,1,37.5632291233676,126.859294056062,30~60,131.42417741845085,서울가양초등학교,258.69662257001545,경서중학교,True
 ,우장산롯데캐슬,2003,개인,25.07.01,O,110000,29,3,2025,중개거래,서울 강서구,85.0,14,1145,N, ,11500,개인,화곡동,22,0,2025-03,1,서울 강서구,서울 강서구 화곡동 1145,0,37.5556368030986,126.848318501804,60~90,488.6887008828377,서울등원초등학교,549.7779971750749,등원중학교,True
 ,빛고을우방,1999,개인, , ,75500,26,3,2025,중개거래,서울 강서구,59.97,15,448-9,N, ,11500,개인,가양동,26,1,2025-03,1,서울 강서구,서울 강서구 가양동 448-9,1,37.5601069146431,126.857950252379,30~60,239.5934196418308,서울가양초등학교,127.03594105308095,경서중학교,True
 ,강변,1992,개인,25.06.10,O,73000,29,3,2025,중개거래,서울 강서구,49.5,4,1475,N, ,11500,개인,가양동,33,0,2025-03,1,서울 강서구,서울 강서구 가양동 1475,1,37.5652163063579,126.855667621933,30~60,336.3626633132198,서울탑산초등학교,478.4224789287357,경서중학교,True
305,동아3,1999,개인, , ,105000,25,3,2025,중개거래,서울 강서구,84.87,15,258-1,N,25.07.25,11500,개인,염창동,26,1,2025-03,1,서울 강서구,서울 강서구 염창동 258-1,1,37.5501995704814,126.877425235008,60~90,495.30927108220317,서울염동초등학교,674.7036726064418,염창중학교,True
 ,동아3,1999,개인, , ,81500,24,3,2025,중개거래,서울 강서구,59.7,3,258-1,N, ,11500,개인,염창동,26,0,2025-03,1,서울 강서구,서울 강서구 염창동 258-1,1,37.5501995704814,126.877425235008,30~60,495.30927108220317,서울염동초등학교,674.7036726064418,염창중학교,True
607,가양6단지,1992,개인, , ,83500,4,3,2025,중개거래,서울 강서구,58.65,14,1485,N,25.06.30,11500,개인,가양동,33,0,2025-03,1,서울 강서구,서울 강서구 가양동 1485,1,37.5632291233676,126.859294056062,30~60,131.42417741845085,서울가양초등학교,258.69662257001545,경서중학교,True
 ,우장산타워빌,2002,개인, , ,69500,26,3,2025,중개거래,서울 강서구,83.8,3,704-2,N,25.06.16,11500,개인,내발산동,23,0,2025-03,1,서울 강서구,서울 강서구 내발산동 704-2,1,37.5519314698112,126.838349239637,60~90,117.56047414142421,서울내발산초등학교,442.15988901713104,명덕여자중학교,True
 ,길성그랑프리텔,2002,개인, , ,75000,21,3,2025,중개거래,서울 강서구,62.65,5,867,N,25.05.16,11500,개인,방화동,23,0,2025-03,1,서울 강서구,서울 강서구 방화동 867,1,37.569183074574,126.816100583063,60~90,205.61559221684672,서울송화초등학교,478.916180240422,마곡중학교,True
103,삼정그린코아,2001,개인, , ,104500,24,3,2025,중개거래,서울 강서구,84.358,8,282,N,25.06.09,11500,개인,염창동,24,0,2025-03,1,서울 강서구,서울 강서구 염창동 282,1,37.5479652131545,126.874704745545,60~90,481.0061788602296,서울양화초등학교,531.0029849922167,양동중학교,True
 ,세한(410-150),2001,개인, , ,30000,27,3,2025,중개거래,서울 강서구,72.99,2,410-150,N,25.05.16,11500,개인,화곡동,24,0,2025-03,1,서울 강서구,서울 강서구 화곡동 410-150,0,37.5379252985102,126.850759546102,60~90,424.4329091382669,서울화일초등학교,569.2617245105437,신정여자중학교,True
1동,마곡에이치밸리움,2023,개인, , ,72500,28,3,2025,중개거래,서울 강서구,52.218,5,764,N,25.05.29,11500,개인,내발산동,2,0,2025-03,1,서울 강서구,서울 강서구 내발산동 764,0,37.5571689288767,126.844084543192,30~60,439.9953992803738,서울등명초등학교,342.68488815385604,등명중학교,True
101,삼성하나로,1994,개인, , ,59500,29,3,2025,중개거래,서울 강서구,59.26,1,248-3,N,25.06.27,11500,개인,염창동,31,0,2025-03,1,서울 강서구,서울 강서구 염창동 248-3,0,37.5516297228771,126.871906542332,30~60,64.91773216036628,서울염동초등학교,292.7189065591618,염창중학교,True
113,강서힐스테이트,2015,개인, , ,136000,24,3,2025,중개거래,서울 강서구,84.99,11,1165,N,25.07.02,11500,개인,화곡동,10,0,2025-03,1,서울 강서구,서울 강서구 화곡동 1165,1,37.5466340065991,126.840034541157,60~90,499.66313696914074,서울내발산초등학교,679.2583783921277,화곡중학교,True
101,무학,1999,개인, , ,70500,8,3,2025,중개거래,서울 강서구,59.38,2,255,N,25.06.09,11500,개인,염창동,26,0,2025-03,1,서울 강서구,서울 강서구 염창동 255,0,37.5513949211236,126.876557322294,30~60,379.7390598238491,서울염동초등학교,531.08538022244,염창중학교,True
 ,성재센트리움아파트(343-35),2015,개인, , ,22500,28,3,2025,직거래, ,22.52,7,343-35,N,25.04.17,11500,개인,화곡동,10,0,2025-03,1, ,  화곡동 343-35,1,37.531551713971,126.84605623801,~30,601.5969613926933,서울신정초등학교,609.4537705351235,화원중학교,False
103,우장산롯데,2004,개인, , ,78000,27,3,2025,중개거래,서울 강서구,84.98,6,1148,N,25.06.12,11500,개인,화곡동,21,0,2025-03,1,서울 강서구,서울 강서구 화곡동 1148,0,37.552461665687,126.846487416103,60~90,316.51166640517573,서울우장초등학교,903.047416190481,등명중학교,True
109,강서힐스테이트,2015,개인, , ,115000,8,3,2025,중개거래,서울 강서구,59.99,15,1165,N,25.06.13,11500,개인,화곡동,10,1,2025-03,1,서울 강서구,서울 강서구 화곡동 1165,1,37.5466340065991,126.840034541157,30~60,499.66313696914074,서울내발산초등학교,679.2583783921277,화곡중학교,True
202,가양2단지(성지),1992,개인, , ,60800,20,3,2025,중개거래,서울 강서구,39.6,14,1461,N,25.06.27,11500,개인,가양동,33,0,2025-03,1,서울 강서구,서울 강서구 가양동 1461,0,37.5704957193283,126.847174411361,30~60,615.9218085381814,서울탑산초등학교,191.34873168776193,성재중학교,True
104,강변한솔솔파크,2005,개인, , ,101000,28,3,2025,중개거래,"서울 강서구, 서울 영등포구",84.97,7,300,N,25.06.17,11500,개인,염창동,20,0,2025-03,1,서울 강서구,서울 강서구 염창동 300,0,37.5566842439508,126.866552401948,60~90,394.81737002060237,서울염창초등학교,424.5347607788511,염경중학교,True
805,"등촌7,8단지주공아파트",1994,개인, , ,57500,21,3,2025,중개거래,서울 강서구,41.85,13,707,N,25.06.30,11500,개인,등촌동,31,0,2025-03,1,서울 강서구,서울 강서구 등촌동 707,1,37.56080406349,126.851687961989,30~60,180.41095686164485,서울등원초등학교,119.2944809176538,등원중학교,True
 ,강변,1992,개인, , ,58000,29,3,2025,중개거래,서울 강서구,39.6,6,1475,N, ,11500,개인,가양동,33,0,2025-03,1,서울 강서구,서울 강서구 가양동 1475,1,37.5652163063579,126.855667621933,30~60,336.3626633132198,서울탑산초등학교,478.4224789287357,경서중학교,True
122,등촌동아이파크,2004,개인, , ,97000,28,3,2025,중개거래,서울 강서구,84.9958,10,715,N,25.06.30,11500,개인,등촌동,21,0,2025-03,1,서울 강서구,서울 강서구 등촌동 715,0,37.5439005769284,126.859981715413,60~90,254.28408858802376,서울등마초등학교,495.66680848427035,백석중학교,True
105,무학,1999,개인, , ,72700,27,3,2025,중개거래,서울 강서구,59.38,4,255,N,25.06.05,11500,개인,염창동,26,0,2025-03,1,서울 강서구,서울 강서구 염창동 255,0,37.5513949211236,126.876557322294,30~60,379.7390598238491,서울염동초등학교,531.08538022244,염창중학교,True
129,강서힐스테이트,2015,개인, , ,115000,19,3,2025,중개거래,서울 강서구,59.99,19,1165,N,25.06.30,11500,개인,화곡동,10,1,2025-03,1,서울 강서구,서울 강서구 화곡동 1165,1,37.5466340065991,126.840034541157,30~60,499.66313696914074,서울내발산초등학교,679.2583783921277,화곡중학교,True
 ,마곡엠벨리(14단지),2014,개인,25.05.07,O,178000,29,3,2025,중개거래,서울 강서구,114.86,6,750,N, ,11500,개인,마곡동,11,0,2025-03,1,서울 강서구,서울 강서구 마곡동 750,1,37.5568364485914,126.824616701317,90~120,194.35554043112242,서울공진초등학교,353.2979872165277,마곡하늬중학교,True
101,빛고을우방,1999,개인, , ,78000,15,3,2025,중개거래,서울 강서구,84.9,18,448-9,N,25.05.27,11500,개인,가양동,26,1,2025-03,1,서울 강서구,서울 강서구 가양동 448-9,1,37.5601069146431,126.857950252379,60~90,239.5934196418308,서울가양초등학교,127.03594105308095,경서중학교,True
1201,마곡중앙하이츠아파트,1994,개인, , ,38000,24,3,2025,중개거래,서울 강서구,39.58,4,852,N,25.07.03,11500,개인,방화동,31,0,2025-03,1,서울 강서구,서울 강서구 방화동 852,1,37.5698046000523,126.806639355477,30~60,143.78986924607477,서울방화초등학교,608.4979060973445,방화중학교,True
304,강변,1992,개인, , ,53400,18,3,2025,중개거래,서울 강서구,34.44,15,1475,N,25.07.31,11500,개인,가양동,33,1,2025-03,1,서울 강서구,서울 강서구 가양동 1475,1,37.5652163063579,126.855667621933,30~60,336.3626633132198,서울탑산초등학교,478.4224789287357,경서중학교,True
101,방화3차우림필유,2005,개인, , ,71000,31,3,2025,중개거래,서울 강서구,84.57,5,546-1,N,25.04.30,11500,개인,방화동,20,0,2025-03,1,서울 강서구,서울 강서구 방화동 546-1,1,37.5682727499685,126.808198355281,60~90,78.21926992098437,서울방화초등학교,447.5867427020716,방화중학교,True
 ,강서힐스테이트,2015,개인,25.04.18,O,115000,8,3,2025,중개거래,서울 강서구,59.99,15,1165,N, ,11500,개인,화곡동,10,1,2025-03,1,서울 강서구,서울 강서구 화곡동 1165,1,37.5466340065991,126.840034541157,30~60,499.66313696914074,서울내발산초등학교,679.2583783921277,화곡중학교,True
3,염창동한강우성,1990,개인, , ,70150,25,3,2025,중개거래,서울 강서구,65.88,4,66-9,N,25.05.30,11500,개인,염창동,35,0,2025-03,1,서울 강서구,서울 강서구 염창동 66-9,0,37.5557364730159,126.870260078656,60~90,116.76963256464146,서울염경초등학교,135.14631298197543,염경중학교,True
130,화곡푸르지오,2002,개인, , ,121000,25,3,2025,중개거래,서울 강서구,144.123,3,1091,N,25.05.16,11500,개인,화곡동,23,0,2025-03,1,서울 강서구,서울 강서구 화곡동 1091,0,37.5446220190794,126.831442765438,120~150,321.1509165740397,서울강신초등학교,434.67325538813714,화곡중학교,True
103,관음삼성,1997,개인, , ,80500,22,3,2025,중개거래,서울 강서구,59.96,19,268,N,25.06.04,11500,개인,염창동,28,1,2025-03,1,서울 강서구,서울 강서구 염창동 268,1,37.5525918225659,126.869126258107,30~60,152.1197998952043,서울염창초등학교,249.0316986711162,염경중학교,True
101,삼성하나로,1994,개인, , ,58000,29,3,2025,중개거래,서울 강서구,59.26,3,248-3,N,25.05.16,11500,개인,염창동,31,0,2025-03,1,서울 강서구,서울 강서구 염창동 248-3,0,37.5516297228771,126.871906542332,30~60,64.91773216036628,서울염동초등학교,292.7189065591618,염창중학교,True
307,주공3,1995,개인, , ,80000,26,3,2025,중개거래,서울 강서구,58.14,4,688,N,25.05.16,11500,개인,등촌동,30,0,2025-03,1,서울 강서구,서울 강서구 등촌동 688,1,37.5616418349754,126.841111422493,30~60,139.5977986133136,서울등명초등학교,251.74681000774885,등명중학교,True
102,가양강나루현대,1999,개인, , ,85000,29,3,2025,중개거래,서울 강서구,59.76,8,448-1,N,25.06.26,11500,개인,가양동,26,0,2025-03,1,서울 강서구,서울 강서구 가양동 448-1,1,37.5607561619781,126.856971359725,30~60,212.2597732587823,서울가양초등학교,88.37319482365415,경서중학교,True
609,가양6단지,1992,개인, , ,65000,26,3,2025,중개거래,"서울 강서구, 서울 금천구",39.6,7,1485,N,25.06.27,11500,개인,가양동,33,0,2025-03,1,서울 강서구,서울 강서구 가양동 1485,1,37.5632291233676,126.859294056062,30~60,131.42417741845085,서울가양초등학교,258.69662257001545,경서중학교,True
104,현대1,1994,개인, , ,85500,29,3,2025,중개거래,"서울 강서구, 서울 서초구",84.34,5,288,N,25.06.24,11500,개인,염창동,31,0,2025-03,1,서울 강서구,서울 강서구 염창동 288,0,37.552852468414,126.875104087032,60~90,257.3761938074449,서울염동초등학교,335.4453730018825,염창중학교,True
 ,청솔,1994,개인, , ,42800,26,3,2025,중개거래,서울 강서구,39.36,9,832,N, ,11500,개인,방화동,31,0,2025-03,1,서울 강서구,서울 강서구 방화동 832,1,37.5756309765944,126.812965285254,30~60,151.84318398546318,서울치현초등학교,419.3136610500135,방원중학교,True
102,한진로즈힐,2004,개인, , ,80500,24,3,2025,중개거래,서울 강서구,84.93,3,579,N,25.06.30,11500,개인,방화동,21,0,2025-03,1,서울 강서구,서울 강서구 방화동 579,0,37.5715416391155,126.81336525129,60~90,498.84547464089263,서울치현초등학교,650.8007233528942,방원중학교,True
301,염창3차보람,2006,개인, , ,81000,24,3,2025,중개거래,서울 강서구,84.98,8,301,N,25.07.21,11500,개인,염창동,19,0,2025-03,1,서울 강서구,서울 강서구 염창동 301,0,37.5528773294775,126.873826815673,60~90,156.64470921814544,서울염동초등학교,239.69159024655298,염창중학교,True
303,강변,1992,개인, , ,73000,20,3,2025,중개거래,서울 강서구,49.5,1,1475,N,25.07.01,11500,개인,가양동,33,0,2025-03,1,서울 강서구,서울 강서구 가양동 1475,1,37.5652163063579,126.855667621933,30~60,336.3626633132198,서울탑산초등학교,478.4224789287357,경서중학교,True
 ,부영,1994,개인, , ,88400,8,3,2025,중개거래,서울 강서구,80.64,5,691-3,N, ,11500,개인,등촌동,31,0,2025-03,1,서울 강서구,서울 강서구 등촌동 691-3,0,37.5635578457422,126.843641011129,60~90,183.1686202822346,서울등양초등학교,374.60385491517957,등명중학교,True
102,강변한솔솔파크,2005,개인, , ,105000,29,3,2025,중개거래,서울 강서구,84.97,24,300,N,25.06.10,11500,개인,염창동,20,1,2025-03,1,서울 강서구,서울 강서구 염창동 300,0,37.5566842439508,126.866552401948,60~90,394.81737002060237,서울염창초등학교,424.5347607788511,염경중학교,True
103,장미,1994,개인, , ,42300,22,3,2025,중개거래,서울 강서구,39.96,4,841,N,25.06.05,11500,개인,방화동,31,0,2025-03,1,서울 강서구,서울 강서구 방화동 841,0,37.5742998188535,126.81749374049,30~60,309.19276268588396,서울치현초등학교,773.420013102415,마곡중학교,True
215,방화그린,1993,개인, , ,42450,22,3,2025,중개거래,서울 강서구,39.76,15,839,N,25.06.26,11500,개인,방화동,32,1,2025-03,1,서울 강서구,서울 강서구 방화동 839,0,37.5747821264629,126.818960346599,30~60,241.69726735105394,서울정곡초등학교,777.5305181791787,마곡중학교,True
102,강서쌍용예가,2014,개인, , ,89000,5,3,2025,중개거래,"서울 강서구, 서울 구로구",59.9194,5,308,N,25.05.02,11500,개인,염창동,11,0,2025-03,1,서울 강서구,서울 강서구 염창동 308,0,37.5554016793389,126.866556386664,30~60,258.47489868972553,서울염창초등학교,363.9018617687139,염경중학교,True
302,강변,1992,개인, , ,53600,24,3,2025,중개거래,서울 강서구,34.44,15,1475,N,25.06.19,11500,개인,가양동,33,1,2025-03,1,서울 강서구,서울 강서구 가양동 1475,1,37.5652163063579,126.855667621933,30~60,336.3626633132198,서울탑산초등학교,478.4224789287357,경서중학교,True
101,마곡서광(치현마을),1998,개인, , ,54500,27,3,2025,중개거래,서울 강서구,59.67,9,860,N,25.05.22,11500,개인,방화동,27,0,2025-03,1,서울 강서구,서울 강서구 방화동 860,0,37.5793097745828,126.819298295646,30~60,262.8226450504714,서울정곡초등학교,825.1852543913384,삼정중학교,True
101,이너스내안에,2004,개인, , ,78000,31,3,2025,중개거래,서울 강서구,84.91,1,254-2,N,25.06.27,11500,개인,염창동,21,0,2025-03,1,서울 강서구,서울 강서구 염창동 254-2,1,37.5507409739319,126.876382201086,60~90,386.643819037264,서울염동초등학교,566.2434352404272,염창중학교,True
101,방신서광,2003,개인, , ,67500,5,3,2025,중개거래,서울 강서구,84.3819,2,871,N,25.05.19,11500,개인,방화동,22,0,2025-03,1,서울 강서구,서울 강서구 방화동 871,1,37.5720215579008,126.81068023575,60~90,463.244399194634,서울방화초등학교,466.2769077530663,방원중학교,True
103,가양우성,1990,개인, , ,93000,30,3,2025,중개거래,서울 강서구,84.87,4,14-3,N,25.06.12,11500,개인,가양동,35,0,2025-03,1,서울 강서구,서울 강서구 가양동 14-3,1,37.5622291386486,126.854195547538,60~90,162.62693907420328,유석초등학교,271.14778593085833,마포중학교,True
505,주공5,1995,개인, , ,77900,17,3,2025,중개거래,서울 강서구,58.14,9,695,N,25.06.20,11500,개인,등촌동,30,0,2025-03,1,서울 강서구,서울 강서구 등촌동 695,0,37.5604516606831,126.84486883674,30~60,225.1309535308755,서울등명초등학교,141.19359205432525,등명중학교,True
102,가양우성,1990,개인, , ,91000,14,3,2025,중개거래,서울 강서구,84.85,13,14-3,N,25.07.23,11500,개인,가양동,35,0,2025-03,1,서울 강서구,서울 강서구 가양동 14-3,1,37.5622291386486,126.854195547538,60~90,162.62693907420328,유석초등학교,271.14778593085833,마포중학교,True
 ,신송타워,1997,개인, , ,51500,29,3,2025,중개거래,서울 강서구,59.97,7,662-3,N,25.05.29,11500,개인,등촌동,28,0,2025-03,1,서울 강서구,서울 강서구 등촌동 662-3,0,37.5584659129699,126.847813313401,30~60,249.1816641149106,서울등원초등학교,380.5856975337212,등원중학교,True
107,동성,1993,개인, , ,75000,28,3,2025,중개거래,서울 강서구,76.8,11,817,N,25.04.21,11500,개인,방화동,32,0,2025-03,1,서울 강서구,서울 강서구 방화동 817,1,37.579602932122,126.812182127338,60~90,179.8431050515093,서울삼정초등학교,251.0815424434673,삼정중학교,True
135,강서힐스테이트,2015,개인, , ,133500,29,3,2025,중개거래,서울 강서구,84.99,13,1165,N,25.07.03,11500,개인,화곡동,10,0,2025-03,1,서울 강서구,서울 강서구 화곡동 1165,1,37.5466340065991,126.840034541157,60~90,499.66313696914074,서울내발산초등학교,679.2583783921277,화곡중학교,True
101,부영,1994,개인, , ,89400,27,3,2025,중개거래,서울 강서구,80.64,11,691-3,N,25.06.26,11500,개인,등촌동,31,0,2025-03,1,서울 강서구,서울 강서구 등촌동 691-3,0,37.5635578457422,126.843641011129,60~90,183.1686202822346,서울등양초등학교,374.60385491517957,등명중학교,True
 ,스위트드림아파트,2019,개인,25.05.13,O,43000,29,3,2025,중개거래,서울 강서구,49.53,4,1168,N, ,11500,법인,화곡동,6,0,2025-03,1,서울 강서구,서울 강서구 화곡동 1168,1,37.5439270920666,126.836189632424,30~60,489.4465812187484,서울신월초등학교,586.5554541023882,화곡중학교,True
 ,벽산,1999,개인, , ,72000,18,3,2025,중개거래,서울 강서구,59.98,16,429,N, ,11500,개인,마곡동,26,1,2025-03,1,서울 강서구,서울 강서구 마곡동 429,0,37.5757346149338,126.837836153319,30~60,633.7180281728191,서울양천초등학교,962.0293566404546,성재중학교,False
 ,성재센트리움아파트,2017,개인, , ,23500,25,3,2025,중개거래,서울 강서구,29.75,6,143-11,N, ,11500,개인,화곡동,8,0,2025-03,1,서울 강서구,서울 강서구 화곡동 143-11,1,37.5412863640374,126.841880723977,~30,237.45662842642216,서울신월초등학교,564.9260231772089,화원중학교,True
506,방화5,1994,개인, , ,40000,31,3,2025,중개거래,서울 강서구,33.18,6,814,N,25.06.30,11500,개인,방화동,31,0,2025-03,1,서울 강서구,서울 강서구 방화동 814,1,37.5771889702167,126.810252932489,30~60,369.0356671231582,서울삼정초등학교,241.13975698166942,방원중학교,True
615,가양6단지,1992,개인, , ,61500,22,3,2025,중개거래,서울 강서구,39.6,6,1485,N,25.06.20,11500,개인,가양동,33,0,2025-03,1,서울 강서구,서울 강서구 가양동 1485,1,37.5632291233676,126.859294056062,30~60,131.42417741845085,서울가양초등학교,258.69662257001545,경서중학교,True
205,가양2단지(성지),1992,개인, , ,50000,25,3,2025,중개거래,서울 강서구,34.44,6,1461,N,25.06.30,11500,개인,가양동,33,0,2025-03,1,서울 강서구,서울 강서구 가양동 1461,0,37.5704957193283,126.847174411361,30~60,615.9218085381814,서울탑산초등학교,191.34873168776193,성재중학교,True
 ,서부인터빌아파트,2002,개인, , ,59700,29,3,2025,중개거래,서울 강서구,84.1439,7,1074-18,N,25.06.25,11500,개인,화곡동,23,0,2025-03,1,서울 강서구,서울 강서구 화곡동 1074-18,1,37.5409680962898,126.839450904964,60~90,66.88046296162535,서울신월초등학교,589.0301192751439,화원중학교,True
712,마곡엠밸리7단지,2014,개인, , ,201000,26,3,2025,중개거래,서울 강서구,114.86,14,743-4,N,25.06.20,11500,개인,마곡동,11,0,2025-03,1,서울 강서구,서울 강서구 마곡동 743-4,1,37.5648812125749,126.823376663134,90~120,268.9169831745912,서울공항초등학교,394.0812278889057,마곡중학교,True
 ,방화5,1994,개인, , ,40800,26,3,2025,중개거래,서울 강서구,33.18,11,814,N, ,11500,개인,방화동,31,0,2025-03,1,서울 강서구,서울 강서구 방화동 814,1,37.5771889702167,126.810252932489,30~60,369.0356671231582,서울삼정초등학교,241.13975698166942,방원중학교,True
 ,동성,1993,개인,25.03.28,O,60000,27,3,2025,중개거래,서울 강서구,64.65,1,817,N, ,11500,개인,방화동,32,0,2025-03,1,서울 강서구,서울 강서구 방화동 817,1,37.579602932122,126.812182127338,60~90,179.8431050515093,서울삼정초등학교,251.0815424434673,삼정중학교,True
107,가양강나루현대,1999,개인, , ,80000,22,3,2025,중개거래,서울 강서구,59.76,2,448-1,N,25.06.18,11500,개인,가양동,26,0,2025-03,1,서울 강서구,서울 강서구 가양동 448-1,1,37.5607561619781,126.856971359725,30~60,212.2597732587823,서울가양초등학교,88.37319482365415,경서중학교,True
 ,태승훼미리아파트5차,2010,개인, , ,61000,21,3,2025,중개거래,서울 강서구,61.14,4,714-4,N,25.07.10,11500,개인,내발산동,15,0,2025-03,1,서울 강서구,서울 강서구 내발산동 714-4,1,37.5477792038904,126.832899062812,60~90,322.93856093003444,서울발산초등학교,72.91932466600016,화곡중학교,True
 ,청솔,1994,개인, , ,54700,27,3,2025,중개거래,서울 강서구,49.2,12,832,N, ,11500,개인,방화동,31,0,2025-03,1,서울 강서구,서울 강서구 방화동 832,1,37.5756309765944,126.812965285254,30~60,151.84318398546318,서울치현초등학교,419.3136610500135,방원중학교,True
103,성원,2001,개인, , ,122000,29,3,2025,중개거래,서울 강서구,114.12,9,295,N,25.07.04,11500,개인,염창동,24,0,2025-03,1,서울 강서구,서울 강서구 염창동 295,0,37.5555795293289,126.872085952226,90~120,100.95379597753292,서울염경초등학교,149.03511647488037,염창중학교,True
105,동아,1998,개인, , ,73000,27,3,2025,중개거래,서울 강서구,59.97,5,292,N,25.06.05,11500,개인,염창동,27,0,2025-03,1,서울 강서구,서울 강서구 염창동 292,0,37.5548515573392,126.873119215493,30~60,169.9799991587526,서울염경초등학교,137.64540825578183,염창중학교,True
305,강변,1992,개인, , ,57000,15,3,2025,중개거래,서울 강서구,39.6,3,1475,N,25.06.19,11500,개인,가양동,33,0,2025-03,1,서울 강서구,서울 강서구 가양동 1475,1,37.5652163063579,126.855667621933,30~60,336.3626633132198,서울탑산초등학교,478.4224789287357,경서중학교,True
101,동부센트레빌,2003,개인, , ,67000,25,3,2025,중개거래,서울 강서구,59.97,6,870,N,25.06.19,11500,개인,방화동,22,0,2025-03,1,서울 강서구,서울 강서구 방화동 870,1,37.5732659649631,126.806100290213,30~60,144.21811201682692,서울개화초등학교,332.25026137743566,방원중학교,True
1305동,마곡13단지힐스테이트마스터,2017,개인, , ,116000,20,3,2025,중개거래,서울 강서구,59.9825,1,748,N,25.06.09,11500,개인,마곡동,8,0,2025-03,1,서울 강서구,서울 강서구 마곡동 748,0,37.5577905837789,126.818287997332,30~60,399.2360025388204,서울공진초등학교,241.93127117723031,마곡하늬중학교,True
502,마곡엠밸리5단지,2014,개인, , ,131500,10,3,2025,중개거래,서울 강서구,84.92,2,740,N,25.05.30,11500,개인,마곡동,11,0,2025-03,1,서울 강서구,서울 강서구 마곡동 740,1,37.565844277528,126.817856201995,60~90,256.4357192581397,서울송화초등학교,391.22318790284754,마곡중학교,True
202,가양2단지(성지),1992,개인, , ,55500,29,3,2025,중개거래,서울 강서구,39.6,1,1461,N,25.06.30,11500,개인,가양동,33,0,2025-03,1,서울 강서구,서울 강서구 가양동 1461,0,37.5704957193283,126.847174411361,30~60,615.9218085381814,서울탑산초등학교,191.34873168776193,성재중학교,True
101,강서월드메르디앙,2006,개인, , ,82800,22,3,2025,중개거래,서울 강서구,84.8945,3,659-1,N,25.06.26,11500,개인,내발산동,19,0,2025-03,1,서울 강서구,서울 강서구 내발산동 659-1,0,37.556864954614,126.843013179215,60~90,450.6874928593085,서울등명초등학교,370.305672173017,등명중학교,True
102,삼정그린코아,2001,개인, , ,111300,22,3,2025,중개거래,서울 강서구,84.358,5,282,N,25.07.04,11500,개인,염창동,24,0,2025-03,1,서울 강서구,서울 강서구 염창동 282,1,37.5479652131545,126.874704745545,60~90,481.0061788602296,서울양화초등학교,531.0029849922167,양동중학교,True
102,서광등촌마을아파트,1999,개인, , ,74000,24,3,2025,중개거래,서울 강서구,59.67,11,638,N,25.05.16,11500,개인,등촌동,26,0,2025-03,1,서울 강서구,서울 강서구 등촌동 638,1,37.5578771499458,126.857444510012,30~60,458.5100394958457,유석초등학교,374.5075131584383,경서중학교,True
308,동아3,1999,개인, , ,91500,29,3,2025,중개거래,서울 강서구,59.7,17,258-1,N,25.07.07,11500,개인,염창동,26,1,2025-03,1,서울 강서구,서울 강서구 염창동 258-1,1,37.5501995704814,126.877425235008,30~60,495.30927108220317,서울염동초등학교,674.7036726064418,염창중학교,True
139,"우장산아이파크,이편한세상",2008,개인, , ,106000,19,3,2025,중개거래,서울 강서구,59.98,7,1159,N,25.05.09,11500,개인,화곡동,17,0,2025-03,1,서울 강서구,서울 강서구 화곡동 1159,1,37.5493547358614,126.838765589968,30~60,177.70053365431397,서울내발산초등학교,547.8686881712914,화곡중학교,True
 ,마곡수명산파크4단지,2008,개인,25.06.14,O,90000,19,3,2025,중개거래,서울 강서구,59.84,10,753,N, ,11500,개인,내발산동,17,0,2025-03,1,서울 강서구,서울 강서구 내발산동 753,0,37.5512348671569,126.823351155728,30~60,176.9456436477628,서울수명초등학교,302.64821743453786,수명중학교,True
 ,요산페어뷰,2013,개인,25.04.18,O,45000,6,3,2025,중개거래,서울 강서구,73.8,2,377-21,N, ,11500,개인,화곡동,12,0,2025-03,1,서울 강서구,서울 강서구 화곡동 377-21,0,37.5372146687228,126.835554973928,60~90,254.94513042599058,서울월정초등학교,616.2580906788146,화원중학교,True
 ,강변한솔솔파크,2005,개인,25.05.14,O,107000,25,3,2025,중개거래,서울 강서구,84.97,23,300,N, ,11500,개인,염창동,20,1,2025-03,1,서울 강서구,서울 강서구 염창동 300,0,37.5566842439508,126.866552401948,60~90,394.81737002060237,서울염창초등학교,424.5347607788511,염경중학교,True
109,우장산힐스테이트,2005,개인, , ,113000,15,3,2025,중개거래,서울 강서구,59.98,5,657,N,25.06.05,11500,개인,내발산동,20,0,2025-03,1,서울 강서구,서울 강서구 내발산동 657,1,37.5562956592551,126.838965102044,30~60,261.1734725460745,서울가곡초등학교,516.4734888668168,명덕여자중학교,True
204,가양2단지(성지),1992,개인, , ,50700,15,3,2025,중개거래,서울 강서구,34.44,8,1461,N,25.06.27,11500,개인,가양동,33,0,2025-03,1,서울 강서구,서울 강서구 가양동 1461,0,37.5704957193283,126.847174411361,30~60,615.9218085381814,서울탑산초등학교,191.34873168776193,성재중학교,True
1306동,마곡13단지힐스테이트마스터,2017,법인, , ,149000,22,3,2025,중개거래,서울 강서구,84.9805,13,748,N,25.06.12,11500,개인,마곡동,8,0,2025-03,1,서울 강서구,서울 강서구 마곡동 748,0,37.5577905837789,126.818287997332,60~90,399.2360025388204,서울공진초등학교,241.93127117723031,마곡하늬중학교,True
 ,삼성한아름,1993,개인, , ,76500,24,3,2025,중개거래,서울 강서구,84.89,3,264-27,N,25.06.30,11500,개인,염창동,32,0,2025-03,1,서울 강서구,서울 강서구 염창동 264-27,1,37.5500695849946,126.871602195238,60~90,234.38247667428897,서울염동초등학교,317.22044416390634,양동중학교,True
1204,마곡중앙하이츠아파트,1994,개인, , ,41700,19,3,2025,중개거래,서울 강서구,39.58,6,852,N,25.06.24,11500,개인,방화동,31,0,2025-03,1,서울 강서구,서울 강서구 방화동 852,1,37.5698046000523,126.806639355477,30~60,143.78986924607477,서울방화초등학교,608.4979060973445,방화중학교,True
803,"등촌7,8단지주공아파트",1994,개인, , ,60200,31,3,2025,중개거래,서울 강서구,41.85,12,707,N,25.06.30,11500,개인,등촌동,31,0,2025-03,1,서울 강서구,서울 강서구 등촌동 707,1,37.56080406349,126.851687961989,30~60,180.41095686164485,서울등원초등학교,119.2944809176538,등원중학교,True
301,동아3,1999,개인, , ,83800,21,3,2025,중개거래,서울 강서구,59.7,11,258-1,N,25.06.25,11500,개인,염창동,26,0,2025-03,1,서울 강서구,서울 강서구 염창동 258-1,1,37.5501995704814,126.877425235008,30~60,495.30927108220317,서울염동초등학교,674.7036726064418,염창중학교,True
802,마곡엠밸리8단지,2016,개인, , ,138500,26,3,2025,중개거래,서울 강서구,84.89,12,741,N,25.06.30,11500,개인,마곡동,9,0,2025-03,1,서울 강서구,서울 강서구 마곡동 741,1,37.5639536123299,126.819605455478,60~90,166.40561148486333,서울공항초등학교,467.5186185332145,공항중학교,True
103,태영,1998,개인, , ,60000,23,3,2025,중개거래,서울 강서구,59.97,1,632-2,N,25.06.18,11500,개인,등촌동,27,0,2025-03,1,서울 강서구,서울 강서구 등촌동 632-2,1,37.5557025027625,126.864090588329,30~60,271.3871084474089,서울백석초등학교,559.7876961441729,등촌중학교,True
 ,남광아파트,2017,개인, , ,23500,29,3,2025,중개거래,서울 강서구,32.07,6,920-15,N,25.07.21,11500,개인,화곡동,8,0,2025-03,1,서울 강서구,서울 강서구 화곡동 920-15,1,37.5300165416132,126.841591586187,30~60,466.87737898066445,서울신강초등학교,691.676727557795,화원중학교,True
 ,미주,1988,개인, , ,20000,31,3,2025,중개거래,서울 강서구,48.3,4,474-1,N,25.04.09,11500,개인,화곡동,37,0,2025-03,1,서울 강서구,서울 강서구 화곡동 474-1,0,37.5374604065672,126.855266741248,30~60,192.98106775441283,서울신곡초등학교,198.7205876985275,신정여자중학교,True
103,강서힐스테이트,2015,개인, , ,148000,14,3,2025,중개거래,서울 강서구,128.81,17,1165,N,25.05.09,11500,개인,화곡동,10,1,2025-03,1,서울 강서구,서울 강서구 화곡동 1165,1,37.5466340065991,126.840034541157,120~150,499.66313696914074,서울내발산초등학교,679.2583783921277,화곡중학교,True
305,주공3,1995,개인, , ,85000,22,3,2025,중개거래,서울 강서구,58.14,4,688,N,25.06.30,11500,개인,등촌동,30,0,2025-03,1,서울 강서구,서울 강서구 등촌동 688,1,37.5616418349754,126.841111422493,30~60,139.5977986133136,서울등명초등학교,251.74681000774885,등명중학교,True
135,"우장산아이파크,이편한세상",2008,개인, , ,137000,14,3,2025,중개거래,서울 강서구,114.98,2,1159,N,25.06.26,11500,개인,화곡동,17,0,2025-03,1,서울 강서구,서울 강서구 화곡동 1159,1,37.5493547358614,126.838765589968,90~120,177.70053365431397,서울내발산초등학교,547.8686881712914,화곡중학교,True
202,강서센트레빌3차(894-0),2009,개인, , ,94500,6,3,2025,직거래, ,84.4,6,894,N,25.04.03,11500,개인,방화동,16,0,2025-03,1, ,  방화동 894,1,37.5712478353642,126.816127880729,60~90,382.7579977022052,서울송화초등학교,581.4486024958335,마곡중학교,True
 ,주공10,1995,개인, , ,58500,24,3,2025,중개거래,서울 강서구,37.67,10,702,N, ,11500,개인,등촌동,30,0,2025-03,1,서울 강서구,서울 강서구 등촌동 702,0,37.5623617210231,126.848366667212,30~60,121.73856524649224,서울등현초등학교,421.7832926307768,등원중학교,True
2002,롯데2,2003,개인, , ,81000,26,3,2025,중개거래,서울 강서구,84.708,1,729,N,25.06.26,11500,개인,내발산동,22,0,2025-03,1,서울 강서구,서울 강서구 내발산동 729,0,37.5546639253865,126.842754105531,60~90,583.6359284419594,서울내발산초등학교,615.6215181193677,등명중학교,False
1201,마곡중앙하이츠아파트,1994,개인, , ,39000,15,3,2025,중개거래,서울 강서구,39.58,8,852,N,25.05.09,11500,개인,방화동,31,0,2025-03,1,서울 강서구,서울 강서구 방화동 852,1,37.5698046000523,126.806639355477,30~60,143.78986924607477,서울방화초등학교,608.4979060973445,방화중학교,True
102,극동상록수,1999,개인, , ,95500,22,3,2025,중개거래,서울 강서구,84.96,11,280,N,25.06.16,11500,개인,염창동,26,0,2025-03,1,서울 강서구,서울 강서구 염창동 280,1,37.5489294807352,126.872117460239,60~90,351.9930294737423,서울염동초등학교,306.8513027412583,양동중학교,True
104,동부센트레빌,2003,개인, , ,64000,31,3,2025,중개거래,"서울 강서구, 서울 마포구",59.97,12,870,N,25.06.24,11500,개인,방화동,22,0,2025-03,1,서울 강서구,서울 강서구 방화동 870,1,37.5732659649631,126.806100290213,30~60,144.21811201682692,서울개화초등학교,332.25026137743566,방원중학교,True
101,극동,2000,개인, , ,76000,18,3,2025,중개거래,서울 강서구,59.9,17,246-23,N,25.05.02,11500,개인,염창동,25,1,2025-03,1,서울 강서구,서울 강서구 염창동 246-23,0,37.5529480482854,126.871230814305,30~60,136.9332714545333,서울염동초등학교,153.02689713867844,염창중학교,True
505,방화5,1994,개인, , ,47000,20,3,2025,중개거래,서울 강서구,39.6,8,814,N,25.07.10,11500,개인,방화동,31,0,2025-03,1,서울 강서구,서울 강서구 방화동 814,1,37.5771889702167,126.810252932489,30~60,369.0356671231582,서울삼정초등학교,241.13975698166942,방원중학교,True
301,주공3,1995,개인, , ,80000,17,3,2025,중개거래,서울 강서구,58.14,11,688,N,25.06.20,11500,개인,등촌동,30,0,2025-03,1,서울 강서구,서울 강서구 등촌동 688,1,37.5616418349754,126.841111422493,30~60,139.5977986133136,서울등명초등학교,251.74681000774885,등명중학교,True
307,마곡수명산파크3단지,2007,개인, , ,103500,12,3,2025,중개거래,서울 강서구,84.96,8,751,N,25.06.02,11500,개인,내발산동,18,0,2025-03,1,서울 강서구,서울 강서구 내발산동 751,0,37.5528192530167,126.824912207374,60~90,91.4065826959942,서울수명초등학교,477.9255293027758,수명중학교,True
303,청솔,1994,개인, , ,43800,31,3,2025,중개거래,서울 강서구,39.36,13,832,N,25.05.20,11500,개인,방화동,31,0,2025-03,1,서울 강서구,서울 강서구 방화동 832,1,37.5756309765944,126.812965285254,30~60,151.84318398546318,서울치현초등학교,419.3136610500135,방원중학교,True
102,방신서광,2003,개인, , ,81000,22,3,2025,중개거래,서울 강서구,113.3376,5,871,N,25.06.02,11500,개인,방화동,22,0,2025-03,1,서울 강서구,서울 강서구 방화동 871,1,37.5720215579008,126.81068023575,90~120,463.244399194634,서울방화초등학교,466.2769077530663,방원중학교,True
137,"우장산아이파크,이편한세상",2008,개인, , ,109800,21,3,2025,중개거래,서울 강서구,59.98,11,1159,N,25.07.15,11500,개인,화곡동,17,0,2025-03,1,서울 강서구,서울 강서구 화곡동 1159,1,37.5493547358614,126.838765589968,30~60,177.70053365431397,서울내발산초등학교,547.8686881712914,화곡중학교,True
104,마곡힐스테이트,2017,개인, , ,140500,20,3,2025,중개거래,서울 강서구,84.92,2,725-1,N,25.05.20,11500,개인,마곡동,8,0,2025-03,1,서울 강서구,서울 강서구 마곡동 725-1,1,37.5640310805877,126.817833791526,60~90,313.4886652066648,서울공항초등학교,337.4586862356117,공항중학교,True
101,현대,1995,개인, , ,71500,31,3,2025,중개거래,서울 강서구,84.47,12,655-27,N,25.07.09,11500,개인,등촌동,30,0,2025-03,1,서울 강서구,서울 강서구 등촌동 655-27,0,37.5559044424097,126.855316749688,60~90,446.85645401571355,서울등서초등학교,506.3212780158164,마포중학교,True
102,"우장산아이파크,이편한세상",2008,개인, , ,125000,22,3,2025,중개거래,서울 강서구,84.97,19,1159,N,25.06.05,11500,개인,화곡동,17,1,2025-03,1,서울 강서구,서울 강서구 화곡동 1159,1,37.5493547358614,126.838765589968,60~90,177.70053365431397,서울내발산초등학교,547.8686881712914,화곡중학교,True
 ,초록,1998,개인,25.04.29,O,70000,26,3,2025,중개거래,서울 강서구,59.34,4,1139,N, ,11500,개인,화곡동,27,0,2025-03,1,서울 강서구,서울 강서구 화곡동 1139,1,37.545684414842,126.833623087174,30~60,531.6052700542137,서울강신초등학교,314.05879144888075,화곡중학교,True
508,주공5,1995,개인, , ,50000,28,3,2025,직거래, ,37.67,2,695,N,25.07.03,11500,개인,등촌동,30,0,2025-03,1, ,  등촌동 695,0,37.5604516606831,126.84486883674,30~60,225.1309535308755,서울등명초등학교,141.19359205432525,등명중학교,True
101,강서한강월드메르디앙,2006,개인, , ,99000,12,3,2025,중개거래,서울 강서구,84.9,7,1462,N,25.05.23,11500,개인,가양동,19,0,2025-03,1,서울 강서구,서울 강서구 가양동 1462,1,37.5698507539742,126.844048489743,60~90,400.0792322620187,서울양천초등학교,125.88095557794071,성재중학교,True
209,가양2단지(성지),1992,개인, , ,74500,10,3,2025,중개거래,서울 강서구,49.56,12,1461,N,25.07.03,11500,개인,가양동,33,0,2025-03,1,서울 강서구,서울 강서구 가양동 1461,0,37.5704957193283,126.847174411361,30~60,615.9218085381814,서울탑산초등학교,191.34873168776193,성재중학교,True
217,방화그린,1993,개인, , ,52000,18,3,2025,중개거래,서울 강서구,49.77,15,839,N,25.06.25,11500,개인,방화동,32,1,2025-03,1,서울 강서구,서울 강서구 방화동 839,0,37.5747821264629,126.818960346599,30~60,241.69726735105394,서울정곡초등학교,777.5305181791787,마곡중학교,True
 ,가양2단지(성지),1992,개인, , ,51000,15,3,2025,중개거래,서울 강서구,34.44,13,1461,N, ,11500,개인,가양동,33,0,2025-03,1,서울 강서구,서울 강서구 가양동 1461,0,37.5704957193283,126.847174411361,30~60,615.9218085381814,서울탑산초등학교,191.34873168776193,성재중학교,True
102,극동상록수,1999,개인, , ,95000,21,3,2025,중개거래,서울 강서구,84.96,15,280,N,25.07.23,11500,개인,염창동,26,1,2025-03,1,서울 강서구,서울 강서구 염창동 280,1,37.5489294807352,126.872117460239,60~90,351.9930294737423,서울염동초등학교,306.8513027412583,양동중학교,True
 ,드림시드아파트1차,2017,개인, , ,23000,21,3,2025,중개거래,서울 강서구,35.48,12,899-13,N,25.06.04,11500,개인,화곡동,8,0,2025-03,1,서울 강서구,서울 강서구 화곡동 899-13,1,37.5299702926319,126.846621654773,30~60,598.4046886131873,서울신강초등학교,621.0172883504417,양강중학교,False
101,신안,1993,개인, , ,94500,26,3,2025,중개거래,서울 강서구,84.97,3,422,N,25.06.27,11500,개인,마곡동,32,0,2025-03,1,서울 강서구,서울 강서구 마곡동 422,1,37.5687748573081,126.823373808305,60~90,476.89918820572495,서울송화초등학교,198.70553847661856,마곡중학교,True
102,우장산롯데캐슬,2003,개인, , ,99000,8,3,2025,중개거래,서울 강서구,85.0,1,1145,N,25.06.09,11500,개인,화곡동,22,0,2025-03,1,서울 강서구,서울 강서구 화곡동 1145,0,37.5556368030986,126.848318501804,60~90,488.6887008828377,서울등원초등학교,549.7779971750749,등원중학교,True
 ,동신대아,1993,개인, , ,118000,15,3,2025,중개거래,서울 강서구,101.97,11,1459,N, ,11500,개인,가양동,32,0,2025-03,1,서울 강서구,서울 강서구 가양동 1459,1,37.5721731420165,126.843356532019,90~120,402.7798870756465,서울양천초등학교,347.3000326250251,성재중학교,True
 ,마곡서광(치현마을),1998,개인, , ,55000,15,3,2025,중개거래,서울 강서구,59.67,14,860,N, ,11500,개인,방화동,27,0,2025-03,1,서울 강서구,서울 강서구 방화동 860,0,37.5793097745828,126.819298295646,30~60,262.8226450504714,서울정곡초등학교,825.1852543913384,삼정중학교,True
101,롯데캐슬,2005,개인, , ,120000,11,3,2025,중개거래,서울 강서구,84.9519,1,272-11,N,25.05.15,11500,개인,염창동,20,0,2025-03,1,서울 강서구,서울 강서구 염창동 272-11,1,37.5507590570618,126.86835517972,60~90,281.8263487091466,서울염창초등학교,267.2169581170598,양동중학교,True
114,우장산힐스테이트,2005,개인, , ,139500,31,3,2025,중개거래,서울 강서구,84.98,9,657,N,25.07.01,11500,개인,내발산동,20,0,2025-03,1,서울 강서구,서울 강서구 내발산동 657,1,37.5562956592551,126.838965102044,60~90,261.1734725460745,서울가곡초등학교,516.4734888668168,명덕여자중학교,True
103,롯데캐슬,2005,개인, , ,123000,10,3,2025,중개거래,서울 강서구,84.9519,4,272-11,N,25.06.16,11500,개인,염창동,20,0,2025-03,1,서울 강서구,서울 강서구 염창동 272-11,1,37.5507590570618,126.86835517972,60~90,281.8263487091466,서울염창초등학교,267.2169581170598,양동중학교,True
512,마곡수명산파크5단지,2008,개인, , ,83800,13,3,2025,중개거래,서울 강서구,59.84,5,749,N,25.06.04,11500,개인,내발산동,17,0,2025-03,1,서울 강서구,서울 강서구 내발산동 749,0,37.5519895481685,126.827067848467,30~60,294.84324790860126,서울수명초등학교,411.75507841371024,덕원중학교,True
910,가양도시개발9-2단지,1993,개인, , ,56500,25,3,2025,중개거래,서울 강서구,39.6,3,1490,N,25.06.09,11500,개인,가양동,32,0,2025-03,1,서울 강서구,서울 강서구 가양동 1490,1,37.5587212796979,126.863532908859,30~60,571.545178805285,서울백석초등학교,581.4388083574611,경서중학교,False
102,우장산힐스테이트,2005,개인, , ,142000,28,3,2025,중개거래,서울 강서구,84.98,11,657,N,25.07.29,11500,개인,내발산동,20,0,2025-03,1,서울 강서구,서울 강서구 내발산동 657,1,37.5562956592551,126.838965102044,60~90,261.1734725460745,서울가곡초등학교,516.4734888668168,명덕여자중학교,True
 ,서부인터빌아파트,2002,개인, , ,59500,26,3,2025,중개거래,"서울 강서구, 서울 양천구",84.1439,10,1074-18,N,25.06.12,11500,개인,화곡동,23,0,2025-03,1,서울 강서구,서울 강서구 화곡동 1074-18,1,37.5409680962898,126.839450904964,60~90,66.88046296162535,서울신월초등학교,589.0301192751439,화원중학교,True
101,이너스내안에,2004,개인, , ,78000,28,3,2025,중개거래,서울 강서구,84.91,13,254-2,N,25.04.17,11500,개인,염창동,21,0,2025-03,1,서울 강서구,서울 강서구 염창동 254-2,1,37.5507409739319,126.876382201086,60~90,386.643819037264,서울염동초등학교,566.2434352404272,염창중학교,True
613,마곡엠밸리6단지,2014,개인, , ,194000,19,3,2025,중개거래,서울 강서구,114.98,14,743,N,25.05.29,11500,개인,마곡동,11,0,2025-03,1,서울 강서구,서울 강서구 마곡동 743,1,37.565321846623,126.820481062137,90~120,246.91806111158616,서울공항초등학교,310.17785489885017,마곡중학교,True
105,동아,1998,개인, , ,73000,16,3,2025,중개거래,서울 강서구,59.97,4,292,N,25.06.30,11500,개인,염창동,27,0,2025-03,1,서울 강서구,서울 강서구 염창동 292,0,37.5548515573392,126.873119215493,30~60,169.9799991587526,서울염경초등학교,137.64540825578183,염창중학교,True
106,대림경동아파트,1993,개인, , ,125000,10,3,2025,중개거래,서울 강서구,131.4,9,1474,N,25.05.22,11500,개인,가양동,32,0,2025-03,1,서울 강서구,서울 강서구 가양동 1474,0,37.5663473856091,126.854030753209,120~150,146.40904804490955,서울탑산초등학교,655.6549635819562,경서중학교,True
 ,NS파크APT,2018,개인,25.04.22,O,25500,26,3,2025,중개거래,서울 강서구,29.93,4,1076-9,N, ,11500,개인,화곡동,7,0,2025-03,1,서울 강서구,서울 강서구 화곡동 1076-9,1,37.5409500349642,126.841689303276,~30,207.80592242732948,서울신월초등학교,529.5142458564558,화원중학교,True
103,우장산힐스테이트,2005,개인, , ,110000,28,3,2025,중개거래,서울 강서구,59.98,3,657,N,25.07.29,11500,개인,내발산동,20,0,2025-03,1,서울 강서구,서울 강서구 내발산동 657,1,37.5562956592551,126.838965102044,30~60,261.1734725460745,서울가곡초등학교,516.4734888668168,명덕여자중학교,True
 ,주공10,1995,개인, , ,77000,29,3,2025,중개거래,서울 강서구,58.14,10,702,N, ,11500,개인,등촌동,30,0,2025-03,1,서울 강서구,서울 강서구 등촌동 702,0,37.5623617210231,126.848366667212,30~60,121.73856524649224,서울등현초등학교,421.7832926307768,등원중학교,True
803,마곡엠밸리8단지,2016,개인, , ,140000,28,3,2025,중개거래,서울 강서구,84.88,15,741,N,25.07.10,11500,개인,마곡동,9,1,2025-03,1,서울 강서구,서울 강서구 마곡동 741,1,37.5639536123299,126.819605455478,60~90,166.40561148486333,서울공항초등학교,467.5186185332145,공항중학교,True
102,강서월드메르디앙,2006,개인, , ,86700,14,3,2025,중개거래,서울 강서구,84.8945,9,659-1,N,25.06.20,11500,개인,내발산동,19,0,2025-03,1,서울 강서구,서울 강서구 내발산동 659-1,0,37.556864954614,126.843013179215,60~90,450.6874928593085,서울등명초등학교,370.305672173017,등명중학교,True
 ,"등촌7,8단지주공아파트",1994,개인,25.04.03,O,60200,31,3,2025,중개거래,서울 강서구,41.85,12,707,N, ,11500,개인,등촌동,31,0,2025-03,1,서울 강서구,서울 강서구 등촌동 707,1,37.56080406349,126.851687961989,30~60,180.41095686164485,서울등원초등학교,119.2944809176538,등원중학교,True
103,한숲마을대림,1999,개인, , ,53800,28,3,2025,중개거래,서울 강서구,59.69,8,862,N,25.05.23,11500,개인,방화동,26,0,2025-03,1,서울 강서구,서울 강서구 방화동 862,1,37.5772488016698,126.817514165461,30~60,129.3548807553477,서울정곡초등학교,779.9113008589483,삼정중학교,True
410,마곡수명산파크4단지,2008,개인, , ,85000,24,3,2025,중개거래,서울 강서구,59.84,9,753,N,25.05.23,11500,개인,내발산동,17,0,2025-03,1,서울 강서구,서울 강서구 내발산동 753,0,37.5512348671569,126.823351155728,30~60,176.9456436477628,서울수명초등학교,302.64821743453786,수명중학교,True
 ,태청,2002,개인, , ,46000,25,3,2025,중개거래,서울 강서구,90.69,6,319-9,N,25.06.04,11500,개인,방화동,23,0,2025-03,1,서울 강서구,서울 강서구 방화동 319-9,1,37.578148893868,126.816352270557,90~120,263.40083082833706,서울정곡초등학교,638.8736225849366,삼정중학교,True
120,등촌동아이파크,2004,개인, , ,105000,29,3,2025,중개거래,"서울 강서구, 서울 양천구",84.9958,5,715,N,25.06.13,11500,개인,등촌동,21,0,2025-03,1,서울 강서구,서울 강서구 등촌동 715,0,37.5439005769284,126.859981715413,60~90,254.28408858802376,서울등마초등학교,495.66680848427035,백석중학교,True
102,강서한강자이,2013,개인, , ,117000,31,3,2025,중개거래,서울 강서구,59.9382,13,1500,N,25.06.30,11500,개인,가양동,12,0,2025-03,1,서울 강서구,서울 강서구 가양동 1500,0,37.5664868440078,126.849144523266,30~60,310.1225798288576,서울탑산초등학교,470.2894416407788,성재중학교,True
1204,마곡중앙하이츠아파트,1994,개인, , ,39500,24,3,2025,중개거래,서울 강서구,39.58,14,852,N,25.06.20,11500,개인,방화동,31,0,2025-03,1,서울 강서구,서울 강서구 방화동 852,1,37.5698046000523,126.806639355477,30~60,143.78986924607477,서울방화초등학교,608.4979060973445,방화중학교,True
1001,주공10,1995,개인, , ,72800,16,3,2025,중개거래,서울 강서구,58.14,4,702,N,25.05.15,11500,개인,등촌동,30,0,2025-03,1,서울 강서구,서울 강서구 등촌동 702,0,37.5623617210231,126.848366667212,30~60,121.73856524649224,서울등현초등학교,421.7832926307768,등원중학교,True
608,가양6단지,1992,개인, , ,84000,17,3,2025,중개거래,"서울 강서구, 서울 서초구",58.65,13,1485,N,25.05.08,11500,개인,가양동,33,0,2025-03,1,서울 강서구,서울 강서구 가양동 1485,1,37.5632291233676,126.859294056062,30~60,131.42417741845085,서울가양초등학교,258.69662257001545,경서중학교,True
911,가양도시개발9-2단지,1993,개인, , ,50300,8,3,2025,중개거래,서울 강서구,34.44,14,1490,N,25.07.03,11500,개인,가양동,32,0,2025-03,1,서울 강서구,서울 강서구 가양동 1490,1,37.5587212796979,126.863532908859,30~60,571.545178805285,서울백석초등학교,581.4388083574611,경서중학교,False
213,방화그린,1993,개인, , ,35000,16,3,2025,중개거래,서울 강서구,33.6,7,839,N,25.06.05,11500,개인,방화동,32,0,2025-03,1,서울 강서구,서울 강서구 방화동 839,0,37.5747821264629,126.818960346599,30~60,241.69726735105394,서울정곡초등학교,777.5305181791787,마곡중학교,True
102,한강타운,1993,개인, , ,108500,10,3,2025,중개거래,서울 강서구,84.99,4,1460,N,25.05.23,11500,개인,가양동,32,0,2025-03,1,서울 강서구,서울 강서구 가양동 1460,1,37.5713848523162,126.844987319453,60~90,499.24787296812934,서울양천초등학교,212.1923267688189,성재중학교,True
101,태영,1999,개인, , ,119500,27,3,2025,중개거래,서울 강서구,114.99,4,270-1,N,25.07.25,11500,개인,염창동,26,0,2025-03,1,서울 강서구,서울 강서구 염창동 270-1,1,37.5533776970786,126.867211516118,90~120,38.242049574129545,서울염창초등학교,320.1901609172965,염경중학교,True
709,마곡수명산파크7단지,2008,개인, , ,82800,22,3,2025,중개거래,서울 강서구,84.68,4,756,N,25.06.23,11500,개인,내발산동,17,0,2025-03,1,서울 강서구,서울 강서구 내발산동 756,0,37.5481491563284,126.822706623708,60~90,523.5145423873823,서울수명초등학교,128.2413598016902,수명중학교,True
2,대림e편한세상,1992,개인, , ,70500,17,3,2025,중개거래,서울 강서구,84.84,11,361-1,N,25.06.24,11500,개인,화곡동,33,0,2025-03,1,서울 강서구,서울 강서구 화곡동 361-1,0,37.5336462319505,126.837356988102,60~90,176.68108531358604,서울월정초등학교,530.0544801780999,화원중학교,True
103동,e편한세상염창,2019,개인, , ,123000,20,3,2025,중개거래,서울 강서구,59.9812,8,309,N,25.06.20,11500,개인,염창동,6,0,2025-03,1,서울 강서구,서울 강서구 염창동 309,1,37.5489515385441,126.870778019807,30~60,375.60350891434473,서울염동초등학교,193.25615921885807,양동중학교,True
 ,마곡중앙하이츠아파트,1994,개인, , ,53000,17,3,2025,중개거래,서울 강서구,51.03,11,852,N, ,11500,개인,방화동,31,0,2025-03,1,서울 강서구,서울 강서구 방화동 852,1,37.5698046000523,126.806639355477,30~60,143.78986924607477,서울방화초등학교,608.4979060973445,방화중학교,True
103,태진아름,1995,개인, , ,79500,28,3,2025,중개거래,서울 강서구,84.81,8,676,N,25.06.11,11500,개인,등촌동,30,0,2025-03,1,서울 강서구,서울 강서구 등촌동 676,1,37.549652571474,126.860380385492,60~90,312.41734237977846,서울등촌초등학교,196.79780316703915,백석중학교,True
308,마곡수명산파크3단지,2007,개인, , ,70000,24,3,2025,직거래, ,84.53,5,751,N,25.03.31,11500,개인,내발산동,18,0,2025-03,1, ,  내발산동 751,0,37.5528192530167,126.824912207374,60~90,91.4065826959942,서울수명초등학교,477.9255293027758,수명중학교,True
911,가양도시개발9-2단지,1993,개인, , ,49800,21,3,2025,중개거래,서울 강서구,34.44,2,1490,N,25.05.28,11500,개인,가양동,32,0,2025-03,1,서울 강서구,서울 강서구 가양동 1490,1,37.5587212796979,126.863532908859,30~60,571.545178805285,서울백석초등학교,581.4388083574611,경서중학교,False
308,동아3,1999,개인, , ,85000,23,3,2025,중개거래,서울 강서구,59.7,4,258-1,N,25.06.20,11500,개인,염창동,26,0,2025-03,1,서울 강서구,서울 강서구 염창동 258-1,1,37.5501995704814,126.877425235008,30~60,495.30927108220317,서울염동초등학교,674.7036726064418,염창중학교,True
122,"우장산아이파크,이편한세상",2008,개인, , ,143000,23,3,2025,중개거래,"서울 강서구, 서울 광진구",101.65,11,1159,N,25.07.28,11500,개인,화곡동,17,0,2025-03,1,서울 강서구,서울 강서구 화곡동 1159,1,37.5493547358614,126.838765589968,90~120,177.70053365431397,서울내발산초등학교,547.8686881712914,화곡중학교,True
308,강변,1992,개인, , ,59900,21,3,2025,중개거래,서울 강서구,39.6,10,1475,N,25.06.13,11500,개인,가양동,33,0,2025-03,1,서울 강서구,서울 강서구 가양동 1475,1,37.5652163063579,126.855667621933,30~60,336.3626633132198,서울탑산초등학교,478.4224789287357,경서중학교,True
 ,이너스내안에,2004,개인,25.04.01,O,78000,28,3,2025,중개거래,서울 강서구,84.91,13,254-2,N, ,11500,개인,염창동,21,0,2025-03,1,서울 강서구,서울 강서구 염창동 254-2,1,37.5507409739319,126.876382201086,60~90,386.643819037264,서울염동초등학교,566.2434352404272,염창중학교,True
 ,마곡금호어울림,2005,개인,25.05.17,O,91000,15,3,2025,중개거래,서울 강서구,84.948,11,717,N, ,11500,개인,마곡동,20,0,2025-03,1,서울 강서구,서울 강서구 마곡동 717,0,37.5745942801032,126.837612448089,60~90,517.8150903587243,서울양천초등학교,890.6414417808256,성재중학교,False
101,이너스내안에,2004,개인, , ,63500,8,3,2025,중개거래,서울 강서구,59.9,2,254-2,N,25.07.15,11500,개인,염창동,21,0,2025-03,1,서울 강서구,서울 강서구 염창동 254-2,1,37.5507409739319,126.876382201086,30~60,386.643819037264,서울염동초등학교,566.2434352404272,염창중학교,True
109,강서힐스테이트,2015,개인, , ,118000,18,3,2025,중개거래,서울 강서구,59.99,8,1165,N,25.07.22,11500,개인,화곡동,10,0,2025-03,1,서울 강서구,서울 강서구 화곡동 1165,1,37.5466340065991,126.840034541157,30~60,499.66313696914074,서울내발산초등학교,679.2583783921277,화곡중학교,True
105,우장산숲아이파크,2022,개인, , ,140000,27,3,2025,중개거래,서울 강서구,84.9771,15,1173,N,25.06.27,11500,개인,화곡동,3,1,2025-03,1,서울 강서구,서울 강서구 화곡동 1173,1,37.5449498497367,126.839296506434,60~90,508.99940643706645,서울신월초등학교,699.7217062557812,화곡중학교,False
615,가양6단지,1992,개인, , ,73000,20,3,2025,중개거래,서울 강서구,49.5,4,1485,N,25.05.27,11500,개인,가양동,33,0,2025-03,1,서울 강서구,서울 강서구 가양동 1485,1,37.5632291233676,126.859294056062,30~60,131.42417741845085,서울가양초등학교,258.69662257001545,경서중학교,True
101,극동,2000,개인, , ,72700,24,3,2025,중개거래,서울 강서구,59.9,7,246-23,N,25.06.20,11500,개인,염창동,25,0,2025-03,1,서울 강서구,서울 강서구 염창동 246-23,0,37.5529480482854,126.871230814305,30~60,136.9332714545333,서울염동초등학교,153.02689713867844,염창중학교,True
 ,위하우스아파트,2016,개인, , ,27300,22,3,2025,중개거래,서울 강서구,30.18,11,916-2,N,25.06.12,11500,개인,화곡동,9,0,2025-03,1,서울 강서구,서울 강서구 화곡동 916-2,1,37.5297560798459,126.843428987447,30~60,446.2183523792154,서울신강초등학교,722.3574911098104,화원중학교,True
129,강서힐스테이트,2015,개인, , ,108000,10,3,2025,중개거래,서울 강서구,59.99,4,1165,N,25.06.12,11500,개인,화곡동,10,0,2025-03,1,서울 강서구,서울 강서구 화곡동 1165,1,37.5466340065991,126.840034541157,30~60,499.66313696914074,서울내발산초등학교,679.2583783921277,화곡중학교,True
104,강서힐스테이트,2015,개인, , ,135000,7,3,2025,중개거래,서울 강서구,84.99,9,1165,N,25.04.30,11500,개인,화곡동,10,0,2025-03,1,서울 강서구,서울 강서구 화곡동 1165,1,37.5466340065991,126.840034541157,60~90,499.66313696914074,서울내발산초등학교,679.2583783921277,화곡중학교,True
103,마곡청구아파트,1998,개인, , ,62500,18,3,2025,중개거래,서울 강서구,59.91,2,1181,N,25.05.29,11500,개인,마곡동,27,0,2025-03,1,서울 강서구,서울 강서구 마곡동 1181,0,37.5729528003044,126.821419397243,30~60,496.009986767316,서울정곡초등학교,545.947372308944,마곡중학교,True
 ,강서쌍용예가,2014,개인,25.06.02,O,101000,20,3,2025,중개거래,서울 강서구,84.9025,18,308,N, ,11500,개인,염창동,11,1,2025-03,1,서울 강서구,서울 강서구 염창동 308,0,37.5554016793389,126.866556386664,60~90,258.47489868972553,서울염창초등학교,363.9018617687139,염경중학교,True
 ,가양2단지(성지),1992,개인, , ,57000,10,3,2025,중개거래,서울 강서구,39.6,3,1461,N, ,11500,개인,가양동,33,0,2025-03,1,서울 강서구,서울 강서구 가양동 1461,0,37.5704957193283,126.847174411361,30~60,615.9218085381814,서울탑산초등학교,191.34873168776193,성재중학교,True
104,강서한강자이,2013,개인, , ,155000,14,3,2025,중개거래,서울 강서구,124.4246,4,1500,N,25.06.30,11500,개인,가양동,12,0,2025-03,1,서울 강서구,서울 강서구 가양동 1500,0,37.5664868440078,126.849144523266,120~150,310.1225798288576,서울탑산초등학교,470.2894416407788,성재중학교,True
108,한강타운,1993,개인, , ,108000,4,3,2025,중개거래,서울 강서구,84.99,3,1460,N,25.06.20,11500,개인,가양동,32,0,2025-03,1,서울 강서구,서울 강서구 가양동 1460,1,37.5713848523162,126.844987319453,60~90,499.24787296812934,서울양천초등학교,212.1923267688189,성재중학교,True
1005,주공10,1995,개인, , ,80500,22,3,2025,중개거래,서울 강서구,58.14,10,702,N,25.06.27,11500,개인,등촌동,30,0,2025-03,1,서울 강서구,서울 강서구 등촌동 702,0,37.5623617210231,126.848366667212,30~60,121.73856524649224,서울등현초등학교,421.7832926307768,등원중학교,True
101,마곡힐스테이트,2017,개인, , ,143000,27,3,2025,중개거래,서울 강서구,84.98,12,725-1,N,25.05.26,11500,법인,마곡동,8,0,2025-03,1,서울 강서구,서울 강서구 마곡동 725-1,1,37.5640310805877,126.817833791526,60~90,313.4886652066648,서울공항초등학교,337.4586862356117,공항중학교,True
 ,부영,1994,개인,25.04.08,O,88400,8,3,2025,중개거래,서울 강서구,80.64,5,691-3,N, ,11500,개인,등촌동,31,0,2025-03,1,서울 강서구,서울 강서구 등촌동 691-3,0,37.5635578457422,126.843641011129,60~90,183.1686202822346,서울등양초등학교,374.60385491517957,등명중학교,True
101,마곡서광(치현마을),1998,개인, , ,48400,24,3,2025,중개거래,서울 강서구,59.67,6,860,N,25.05.09,11500,개인,방화동,27,0,2025-03,1,서울 강서구,서울 강서구 방화동 860,0,37.5793097745828,126.819298295646,30~60,262.8226450504714,서울정곡초등학교,825.1852543913384,삼정중학교,True
406,마곡엠밸리4단지,2014,개인, , ,127000,22,3,2025,중개거래,서울 강서구,84.56,1,738,N,25.07.25,11500,개인,마곡동,11,0,2025-03,1,서울 강서구,서울 강서구 마곡동 738,1,37.5695461117631,126.824402736642,60~90,583.6645928384205,서울송화초등학교,319.4266339507302,마곡중학교,True
102,대림e-편한세상,2003,개인, , ,80000,12,3,2025,중개거래,서울 강서구,84.67,9,874,N,25.07.10,11500,개인,방화동,22,0,2025-03,1,서울 강서구,서울 강서구 방화동 874,1,37.5701011122966,126.808182800069,60~90,166.4324137324143,서울방화초등학교,625.7046975141697,방원중학교,True
101,성원,2001,개인, , ,75500,17,3,2025,중개거래,서울 강서구,59.91,12,295,N,25.06.27,11500,개인,염창동,24,0,2025-03,1,서울 강서구,서울 강서구 염창동 295,0,37.5555795293289,126.872085952226,30~60,100.95379597753292,서울염경초등학교,149.03511647488037,염창중학교,True
507,주공5,1995,개인, , ,36400,19,3,2025,직거래, ,37.67,15,695,N,25.03.31,11500,개인,등촌동,30,1,2025-03,1, ,  등촌동 695,0,37.5604516606831,126.84486883674,30~60,225.1309535308755,서울등명초등학교,141.19359205432525,등명중학교,True
610,가양6단지,1992,개인, , ,82500,3,3,2025,중개거래,서울 강서구,49.5,13,1485,N,25.04.28,11500,개인,가양동,33,0,2025-03,1,서울 강서구,서울 강서구 가양동 1485,1,37.5632291233676,126.859294056062,30~60,131.42417741845085,서울가양초등학교,258.69662257001545,경서중학교,True
103,성원,2001,개인, , ,120000,22,3,2025,중개거래,서울 강서구,114.12,18,295,N,25.06.30,11500,개인,염창동,24,1,2025-03,1,서울 강서구,서울 강서구 염창동 295,0,37.5555795293289,126.872085952226,90~120,100.95379597753292,서울염경초등학교,149.03511647488037,염창중학교,True
127,강서힐스테이트,2015,개인, , ,134000,10,3,2025,중개거래,서울 강서구,84.99,18,1165,N,25.06.30,11500,개인,화곡동,10,1,2025-03,1,서울 강서구,서울 강서구 화곡동 1165,1,37.5466340065991,126.840034541157,60~90,499.66313696914074,서울내발산초등학교,679.2583783921277,화곡중학교,True
 ,마곡청구아파트,1998,개인,25.03.27,O,62500,18,3,2025,중개거래,서울 강서구,59.91,2,1181,N, ,11500,개인,마곡동,27,0,2025-03,1,서울 강서구,서울 강서구 마곡동 1181,0,37.5729528003044,126.821419397243,30~60,496.009986767316,서울정곡초등학교,545.947372308944,마곡중학교,True
103,우장산힐스테이트,2005,개인, , ,112000,6,3,2025,중개거래,서울 강서구,59.98,12,657,N,25.05.09,11500,개인,내발산동,20,0,2025-03,1,서울 강서구,서울 강서구 내발산동 657,1,37.5562956592551,126.838965102044,30~60,261.1734725460745,서울가곡초등학교,516.4734888668168,명덕여자중학교,True
107,강서한강자이,2013,개인, , ,153500,7,3,2025,중개거래,서울 강서구,98.9994,15,1500,N,25.06.30,11500,개인,가양동,12,1,2025-03,1,서울 강서구,서울 강서구 가양동 1500,0,37.5664868440078,126.849144523266,90~120,310.1225798288576,서울탑산초등학교,470.2894416407788,성재중학교,True
1,한미(286-1),1988,개인, , ,36900,22,3,2025,중개거래,서울 강서구,40.02,4,286-1,N,25.05.23,11500,개인,방화동,37,0,2025-03,1,서울 강서구,서울 강서구 방화동 286-1,1,37.5738271799437,126.81513397352,30~60,236.157930396424,서울치현초등학교,646.5214598015187,방원중학교,True
137,"우장산아이파크,이편한세상",2008,개인, , ,102500,7,3,2025,중개거래,서울 강서구,59.98,3,1159,N,25.06.18,11500,개인,화곡동,17,0,2025-03,1,서울 강서구,서울 강서구 화곡동 1159,1,37.5493547358614,126.838765589968,30~60,177.70053365431397,서울내발산초등학교,547.8686881712914,화곡중학교,True
 ,화곡한강,2007,개인, , ,49000,25,3,2025,중개거래,서울 강서구,88.95,3,1059-19,N,25.05.26,11500,개인,화곡동,18,0,2025-03,1,서울 강서구,서울 강서구 화곡동 1059-19,1,37.5450513589177,126.842211452758,60~90,406.5287294362152,서울화곡초등학교,921.2375637701753,화곡중학교,True
1,유원펠리체(924-17),2012,개인, , ,22000,17,3,2025,중개거래,서울 강서구,42.85,8,924-17,N,25.05.23,11500,개인,화곡동,13,0,2025-03,1,서울 강서구,서울 강서구 화곡동 924-17,0,37.5292406333799,126.841549444335,30~60,382.21699698954063,서울신강초등학교,777.7262172854058,화원중학교,True
101,강서월드메르디앙,2006,개인, , ,90000,10,3,2025,중개거래,서울 강서구,84.8945,10,659-1,N,25.06.27,11500,개인,내발산동,19,0,2025-03,1,서울 강서구,서울 강서구 내발산동 659-1,0,37.556864954614,126.843013179215,60~90,450.6874928593085,서울등명초등학교,370.305672173017,등명중학교,True
101,강변힐스테이트,2005,개인, , ,124000,22,3,2025,중개거래,서울 강서구,84.99,12,299,N,25.06.02,11500,개인,염창동,20,0,2025-03,1,서울 강서구,서울 강서구 염창동 299,1,37.5512518819948,126.874542960241,60~90,215.1384076888233,서울염동초등학교,415.68231165534934,염창중학교,True
203,"등촌1,2단지주공아파트",1994,개인, , ,55000,24,3,2025,중개거래,서울 강서구,41.85,13,687,N,25.06.09,11500,개인,등촌동,31,0,2025-03,1,서울 강서구,서울 강서구 등촌동 687,1,37.5649734120019,126.842430453381,30~60,205.8554894303217,서울등양초등학교,536.1159963196719,등명중학교,True
202,한강동아,1998,개인, , ,83000,7,3,2025,중개거래,서울 강서구,59.97,7,293,N,25.06.05,11500,개인,염창동,27,0,2025-03,1,서울 강서구,서울 강서구 염창동 293,0,37.5539729003829,126.874209750249,30~60,265.32305978348353,서울염동초등학교,219.97025608127365,염창중학교,True
115,강서힐스테이트,2015,개인, , ,111500,19,3,2025,중개거래,서울 강서구,59.99,6,1165,N,25.04.30,11500,개인,화곡동,10,0,2025-03,1,서울 강서구,서울 강서구 화곡동 1165,1,37.5466340065991,126.840034541157,30~60,499.66313696914074,서울내발산초등학교,679.2583783921277,화곡중학교,True
101,탑건진선미,2005,개인, , ,68500,22,3,2025,중개거래,서울 강서구,84.81,5,1155,N,25.05.14,11500,개인,화곡동,20,0,2025-03,1,서울 강서구,서울 강서구 화곡동 1155,1,37.5362453143624,126.846141178613,60~90,509.48813947990044,서울화일초등학교,329.4821708186971,화원중학교,True
104,개화,1994,개인, , ,102000,20,3,2025,중개거래,서울 강서구,133.98,9,819,N,25.07.31,11500,개인,방화동,31,0,2025-03,1,서울 강서구,서울 강서구 방화동 819,1,37.5807528992991,126.812541288959,120~150,182.88917686794113,서울삼정초등학교,207.29566761884612,삼정중학교,True
101,삼성하나로,1994,개인, , ,61000,8,3,2025,중개거래,서울 강서구,59.26,8,248-3,N,25.06.05,11500,개인,염창동,31,0,2025-03,1,서울 강서구,서울 강서구 염창동 248-3,0,37.5516297228771,126.871906542332,30~60,64.91773216036628,서울염동초등학교,292.7189065591618,염창중학교,True
304,강변,1992,개인, , ,54000,12,3,2025,중개거래,서울 강서구,34.44,9,1475,N,25.06.20,11500,개인,가양동,33,0,2025-03,1,서울 강서구,서울 강서구 가양동 1475,1,37.5652163063579,126.855667621933,30~60,336.3626633132198,서울탑산초등학교,478.4224789287357,경서중학교,True
101,동신대아,1993,개인, , ,117500,4,3,2025,중개거래,서울 강서구,101.97,13,1459,N,25.06.12,11500,개인,가양동,32,0,2025-03,1,서울 강서구,서울 강서구 가양동 1459,1,37.5721731420165,126.843356532019,90~120,402.7798870756465,서울양천초등학교,347.3000326250251,성재중학교,True
 ,강변,1992,개인,25.03.26,O,61500,12,3,2025,중개거래,서울 강서구,39.6,10,1475,N, ,11500,개인,가양동,33,0,2025-03,1,서울 강서구,서울 강서구 가양동 1475,1,37.5652163063579,126.855667621933,30~60,336.3626633132198,서울탑산초등학교,478.4224789287357,경서중학교,True
610,가양6단지,1992,개인, , ,79500,25,3,2025,중개거래,서울 강서구,49.5,14,1485,N,25.06.04,11500,개인,가양동,33,0,2025-03,1,서울 강서구,서울 강서구 가양동 1485,1,37.5632291233676,126.859294056062,30~60,131.42417741845085,서울가양초등학교,258.69662257001545,경서중학교,True
1208,마곡중앙하이츠아파트,1994,개인, , ,53500,12,3,2025,중개거래,서울 강서구,51.03,2,852,N,25.04.21,11500,개인,방화동,31,0,2025-03,1,서울 강서구,서울 강서구 방화동 852,1,37.5698046000523,126.806639355477,30~60,143.78986924607477,서울방화초등학교,608.4979060973445,방화중학교,True
102,신안,1993,개인, , ,79000,20,3,2025,중개거래,"서울 강서구, 서울 양천구",59.98,11,422,N,25.06.19,11500,개인,마곡동,32,0,2025-03,1,서울 강서구,서울 강서구 마곡동 422,1,37.5687748573081,126.823373808305,30~60,476.89918820572495,서울송화초등학교,198.70553847661856,마곡중학교,True
 ,신동아,1995,개인,25.05.22,O,67500,11,3,2025,중개거래,서울 강서구,59.82,9,289,N, ,11500,개인,염창동,30,0,2025-03,1,서울 강서구,서울 강서구 염창동 289,0,37.5551294880285,126.869050974189,30~60,190.83593449074172,서울염경초등학교,146.19929450410322,염경중학교,True
102,극동상록수,1999,개인, , ,87000,13,3,2025,중개거래,서울 강서구,84.96,1,280,N,25.07.25,11500,개인,염창동,26,0,2025-03,1,서울 강서구,서울 강서구 염창동 280,1,37.5489294807352,126.872117460239,60~90,351.9930294737423,서울염동초등학교,306.8513027412583,양동중학교,True
610,가양6단지,1992,개인, , ,77500,24,3,2025,중개거래,서울 강서구,49.5,10,1485,N,25.04.11,11500,개인,가양동,33,0,2025-03,1,서울 강서구,서울 강서구 가양동 1485,1,37.5632291233676,126.859294056062,30~60,131.42417741845085,서울가양초등학교,258.69662257001545,경서중학교,True
103,마곡우림필유아파트,2003,개인, , ,91500,24,3,2025,중개거래,서울 강서구,84.528,5,1467,N,25.05.23,11500,개인,마곡동,22,0,2025-03,1,서울 강서구,서울 강서구 마곡동 1467,0,37.5717925752818,126.821349834096,60~90,499.2658123950739,서울송화초등학교,417.1188017691264,마곡중학교,True
101,개화,1994,개인, , ,77500,10,3,2025,중개거래,서울 강서구,101.86,13,819,N,25.06.30,11500,개인,방화동,31,0,2025-03,1,서울 강서구,서울 강서구 방화동 819,1,37.5807528992991,126.812541288959,90~120,182.88917686794113,서울삼정초등학교,207.29566761884612,삼정중학교,True
103,강변월드메르디앙,2010,개인, , ,105000,19,3,2025,중개거래,서울 강서구,84.9341,4,240-1,N,25.05.12,11500,개인,염창동,15,0,2025-03,1,서울 강서구,서울 강서구 염창동 240-1,1,37.5577647356867,126.86537637911,60~90,526.0888291595845,서울백석초등학교,579.2859216516675,염경중학교,False
 ,e편한세상염창,2019,개인, , ,143500,17,3,2025,중개거래,서울 강서구,84.6352,18,309,N, ,11500,개인,염창동,6,1,2025-03,1,서울 강서구,서울 강서구 염창동 309,1,37.5489515385441,126.870778019807,60~90,375.60350891434473,서울염동초등학교,193.25615921885807,양동중학교,True
1,NS파크APT,2018,개인, , ,26900,21,3,2025,중개거래,서울 강서구,28.91,10,1076-9,N,25.06.02,11500,개인,화곡동,7,0,2025-03,1,서울 강서구,서울 강서구 화곡동 1076-9,1,37.5409500349642,126.841689303276,~30,207.80592242732948,서울신월초등학교,529.5142458564558,화원중학교,True
 ,예스빌,2003,개인, , ,54000,22,3,2025,중개거래,서울 강서구,84.4,3,687-2,N, ,11500,개인,내발산동,22,0,2025-03,1,서울 강서구,서울 강서구 내발산동 687-2,0,37.5527836051232,126.832638352025,60~90,315.2810585542219,서울발산초등학교,168.88962259235393,명덕여자중학교,True
105,동아,1998,개인, , ,72700,14,3,2025,중개거래,서울 강서구,59.97,14,292,N,25.07.21,11500,개인,염창동,27,0,2025-03,1,서울 강서구,서울 강서구 염창동 292,0,37.5548515573392,126.873119215493,30~60,169.9799991587526,서울염경초등학교,137.64540825578183,염창중학교,True
 ,주공3,1995,개인, , ,83000,8,3,2025,중개거래,서울 강서구,58.14,8,688,N, ,11500,개인,등촌동,30,0,2025-03,1,서울 강서구,서울 강서구 등촌동 688,1,37.5616418349754,126.841111422493,30~60,139.5977986133136,서울등명초등학교,251.74681000774885,등명중학교,True
610,가양6단지,1992,개인, , ,79500,8,3,2025,중개거래,서울 강서구,49.5,5,1485,N,25.05.23,11500,개인,가양동,33,0,2025-03,1,서울 강서구,서울 강서구 가양동 1485,1,37.5632291233676,126.859294056062,30~60,131.42417741845085,서울가양초등학교,258.69662257001545,경서중학교,True
 ,한진로즈힐,2004,개인,25.04.11,O,80500,24,3,2025,중개거래,서울 강서구,84.93,3,579,N, ,11500,개인,방화동,21,0,2025-03,1,서울 강서구,서울 강서구 방화동 579,0,37.5715416391155,126.81336525129,60~90,498.84547464089263,서울치현초등학교,650.8007233528942,방원중학교,True
1305동,마곡13단지힐스테이트마스터,2017,개인, , ,122000,24,3,2025,중개거래,서울 강서구,59.9825,3,748,N,25.05.29,11500,개인,마곡동,8,0,2025-03,1,서울 강서구,서울 강서구 마곡동 748,0,37.5577905837789,126.818287997332,30~60,399.2360025388204,서울공진초등학교,241.93127117723031,마곡하늬중학교,True
1513,마곡엠벨리(15단지),2014,개인, , ,119000,24,3,2025,중개거래,서울 강서구,59.79,4,751,N,25.05.29,11500,개인,마곡동,11,0,2025-03,1,서울 강서구,서울 강서구 마곡동 751,1,37.556726750174,126.828076496675,30~60,481.53127848584774,서울공진초등학교,610.2655225279859,명덕여자중학교,True
1322동,마곡13단지힐스테이트마스터,2017,개인, , ,127000,15,3,2025,중개거래,서울 강서구,59.9825,12,748,N,25.07.25,11500,개인,마곡동,8,0,2025-03,1,서울 강서구,서울 강서구 마곡동 748,0,37.5577905837789,126.818287997332,30~60,399.2360025388204,서울공진초등학교,241.93127117723031,마곡하늬중학교,True
 ,일성스카이빌,2001,개인, , ,32000,15,3,2025,중개거래,서울 강서구,59.96,4,914-3,N,25.06.23,11500,개인,화곡동,24,0,2025-03,1,서울 강서구,서울 강서구 화곡동 914-3,1,37.5287942460564,126.845400642882,30~60,429.0458879122253,서울신강초등학교,570.0479332715403,양강중학교,True
307,동아3,1999,개인, , ,92000,21,3,2025,중개거래,서울 강서구,59.83,11,258-1,N,25.05.23,11500,개인,염창동,26,0,2025-03,1,서울 강서구,서울 강서구 염창동 258-1,1,37.5501995704814,126.877425235008,30~60,495.30927108220317,서울염동초등학교,674.7036726064418,염창중학교,True
107,벽산,1999,개인, , ,71000,12,3,2025,중개거래,서울 강서구,59.98,13,429,N,25.06.04,11500,개인,마곡동,26,0,2025-03,1,서울 강서구,서울 강서구 마곡동 429,0,37.5757346149338,126.837836153319,30~60,633.7180281728191,서울양천초등학교,962.0293566404546,성재중학교,False
 ,메종드로제,2019,개인, , ,37000,24,3,2025,중개거래,서울 강서구,49.26,13,926-3,N,25.06.09,11500,개인,화곡동,6,0,2025-03,1,서울 강서구,서울 강서구 화곡동 926-3,1,37.5288171641919,126.842628497594,30~60,331.53372611856514,서울신강초등학교,754.9790161529061,양강중학교,True
제2,신동아,1995,개인, , ,61500,18,3,2025,중개거래,서울 강서구,59.4,12,796,N,25.06.10,11500,개인,방화동,30,0,2025-03,1,서울 강서구,서울 강서구 방화동 796,1,37.5701024996432,126.815959544966,30~60,283.70827361997453,서울송화초등학교,526.7350103595347,마곡중학교,True
130,강서힐스테이트,2015,개인, , ,133500,1,3,2025,중개거래,서울 강서구,84.99,13,1165,N,25.03.26,11500,개인,화곡동,10,0,2025-03,1,서울 강서구,서울 강서구 화곡동 1165,1,37.5466340065991,126.840034541157,60~90,499.66313696914074,서울내발산초등학교,679.2583783921277,화곡중학교,True
120,우장산힐스테이트,2005,개인, , ,148000,20,3,2025,중개거래,서울 강서구,101.87,2,657,N,25.04.25,11500,개인,내발산동,20,0,2025-03,1,서울 강서구,서울 강서구 내발산동 657,1,37.5562956592551,126.838965102044,90~120,261.1734725460745,서울가곡초등학교,516.4734888668168,명덕여자중학교,True
127,"우장산아이파크,이편한세상",2008,개인, , ,127500,21,3,2025,중개거래,서울 강서구,84.97,17,1159,N,25.05.26,11500,개인,화곡동,17,1,2025-03,1,서울 강서구,서울 강서구 화곡동 1159,1,37.5493547358614,126.838765589968,60~90,177.70053365431397,서울내발산초등학교,547.8686881712914,화곡중학교,True
209,가양2단지(성지),1992,개인, , ,74000,18,3,2025,중개거래,서울 강서구,49.65,3,1461,N,25.06.04,11500,개인,가양동,33,0,2025-03,1,서울 강서구,서울 강서구 가양동 1461,0,37.5704957193283,126.847174411361,30~60,615.9218085381814,서울탑산초등학교,191.34873168776193,성재중학교,True
106,염창1차한화꿈에그린,2005,개인, , ,132000,17,3,2025,중개거래,서울 강서구,84.93,20,281-22,N,25.06.30,11500,개인,염창동,20,1,2025-03,1,서울 강서구,서울 강서구 염창동 281-22,1,37.5481830295131,126.873143646461,60~90,439.8484262836114,서울염동초등학교,391.700788686823,양동중학교,True
101,현대,1993,개인, , ,69400,22,3,2025,중개거래,서울 강서구,84.99,1,793,N,25.06.10,11500,개인,방화동,32,0,2025-03,1,서울 강서구,서울 강서구 방화동 793,1,37.5703736330423,126.814306445709,60~90,411.41721602268143,서울송화초등학교,672.2876932291817,마곡중학교,True
205,가양2단지(성지),1992,개인, , ,50700,13,3,2025,중개거래,서울 강서구,34.44,9,1461,N,25.05.16,11500,개인,가양동,33,0,2025-03,1,서울 강서구,서울 강서구 가양동 1461,0,37.5704957193283,126.847174411361,30~60,615.9218085381814,서울탑산초등학교,191.34873168776193,성재중학교,True
103,강서한강자이,2013,개인, , ,153000,5,3,2025,중개거래,서울 강서구,102.9171,15,1500,N,25.05.15,11500,개인,가양동,12,1,2025-03,1,서울 강서구,서울 강서구 가양동 1500,0,37.5664868440078,126.849144523266,90~120,310.1225798288576,서울탑산초등학교,470.2894416407788,성재중학교,True
102,염창1차한화꿈에그린,2005,개인, , ,113000,15,3,2025,중개거래,서울 강서구,59.94,11,281-22,N,25.07.15,11500,개인,염창동,20,0,2025-03,1,서울 강서구,서울 강서구 염창동 281-22,1,37.5481830295131,126.873143646461,30~60,439.8484262836114,서울염동초등학교,391.700788686823,양동중학교,True
101,빛고을우방,1999,개인, , ,74500,19,3,2025,중개거래,서울 강서구,59.97,9,448-9,N,25.06.13,11500,개인,가양동,26,0,2025-03,1,서울 강서구,서울 강서구 가양동 448-9,1,37.5601069146431,126.857950252379,30~60,239.5934196418308,서울가양초등학교,127.03594105308095,경서중학교,True
122,"우장산아이파크,이편한세상",2008,개인, , ,137000,13,3,2025,중개거래,서울 강서구,101.65,11,1159,N,25.07.07,11500,개인,화곡동,17,0,2025-03,1,서울 강서구,서울 강서구 화곡동 1159,1,37.5493547358614,126.838765589968,90~120,177.70053365431397,서울내발산초등학교,547.8686881712914,화곡중학교,True
205,가양2단지(성지),1992,개인, , ,50900,22,3,2025,중개거래,서울 강서구,34.44,8,1461,N,25.05.26,11500,개인,가양동,33,0,2025-03,1,서울 강서구,서울 강서구 가양동 1461,0,37.5704957193283,126.847174411361,30~60,615.9218085381814,서울탑산초등학교,191.34873168776193,성재중학교,True
203,대동황토방2,2003,개인, , ,90000,23,3,2025,중개거래,서울 강서구,80.93,7,713,N,25.07.28,11500,개인,등촌동,22,0,2025-03,1,서울 강서구,서울 강서구 등촌동 713,1,37.5551770674789,126.862401758505,60~90,169.760101366068,서울백석초등학교,410.8056916133181,등촌중학교,True
111,"우장산아이파크,이편한세상",2008,개인, , ,125000,13,3,2025,중개거래,서울 강서구,84.97,6,1159,N,25.05.30,11500,개인,화곡동,17,0,2025-03,1,서울 강서구,서울 강서구 화곡동 1159,1,37.5493547358614,126.838765589968,60~90,177.70053365431397,서울내발산초등학교,547.8686881712914,화곡중학교,True
2,대림e편한세상,1992,개인, , ,68500,19,3,2025,중개거래,서울 강서구,84.84,6,361-1,N,25.06.02,11500,개인,화곡동,33,0,2025-03,1,서울 강서구,서울 강서구 화곡동 361-1,0,37.5336462319505,126.837356988102,60~90,176.68108531358604,서울월정초등학교,530.0544801780999,화원중학교,True
708,마곡수명산파크7단지,2008,개인, , ,85800,9,3,2025,중개거래,서울 강서구,84.68,8,756,N,25.06.30,11500,개인,내발산동,17,0,2025-03,1,서울 강서구,서울 강서구 내발산동 756,0,37.5481491563284,126.822706623708,60~90,523.5145423873823,서울수명초등학교,128.2413598016902,수명중학교,True
1101동,마곡엠밸리11단지,2016,개인, , ,119500,15,3,2025,중개거래,서울 강서구,59.79,8,746,N,25.05.15,11500,개인,마곡동,9,0,2025-03,1,서울 강서구,서울 강서구 마곡동 746,1,37.5595247359927,126.821123569828,30~60,239.67658303993915,서울공진초등학교,151.0916505505042,마곡하늬중학교,True
304,강변,1992,개인, , ,53000,8,3,2025,중개거래,서울 강서구,34.44,12,1475,N,25.04.11,11500,개인,가양동,33,0,2025-03,1,서울 강서구,서울 강서구 가양동 1475,1,37.5652163063579,126.855667621933,30~60,336.3626633132198,서울탑산초등학교,478.4224789287357,경서중학교,True
1004,주공10,1995,개인, , ,58000,23,3,2025,중개거래,서울 강서구,37.67,8,702,N,25.05.30,11500,개인,등촌동,30,0,2025-03,1,서울 강서구,서울 강서구 등촌동 702,0,37.5623617210231,126.848366667212,30~60,121.73856524649224,서울등현초등학교,421.7832926307768,등원중학교,True
607,가양6단지,1992,개인, , ,85700,3,3,2025,중개거래,서울 강서구,58.65,12,1485,N,25.05.29,11500,개인,가양동,33,0,2025-03,1,서울 강서구,서울 강서구 가양동 1485,1,37.5632291233676,126.859294056062,30~60,131.42417741845085,서울가양초등학교,258.69662257001545,경서중학교,True
106,강변힐스테이트,2005,개인, , ,110000,17,3,2025,중개거래,서울 강서구,84.99,3,299,N,25.04.04,11500,개인,염창동,20,0,2025-03,1,서울 강서구,서울 강서구 염창동 299,1,37.5512518819948,126.874542960241,60~90,215.1384076888233,서울염동초등학교,415.68231165534934,염창중학교,True
214,방화그린,1993,개인, , ,41500,1,3,2025,중개거래,서울 강서구,39.76,7,839,N,25.04.30,11500,개인,방화동,32,0,2025-03,1,서울 강서구,서울 강서구 방화동 839,0,37.5747821264629,126.818960346599,30~60,241.69726735105394,서울정곡초등학교,777.5305181791787,마곡중학교,True
1001,주공10,1995,개인, , ,75000,1,3,2025,중개거래,서울 강서구,58.14,4,702,N,25.05.23,11500,개인,등촌동,30,0,2025-03,1,서울 강서구,서울 강서구 등촌동 702,0,37.5623617210231,126.848366667212,30~60,121.73856524649224,서울등현초등학교,421.7832926307768,등원중학교,True
106,화곡푸르지오,2002,개인, , ,111000,22,3,2025,중개거래,서울 강서구,125.021,3,1091,N,25.06.04,11500,개인,화곡동,23,0,2025-03,1,서울 강서구,서울 강서구 화곡동 1091,0,37.5446220190794,126.831442765438,120~150,321.1509165740397,서울강신초등학교,434.67325538813714,화곡중학교,True
 ,우장산롯데캐슬,2003,개인, , ,123200,22,3,2025,중개거래,서울 강서구,117.19,4,1145,N, ,11500,개인,화곡동,22,0,2025-03,1,서울 강서구,서울 강서구 화곡동 1145,0,37.5556368030986,126.848318501804,90~120,488.6887008828377,서울등원초등학교,549.7779971750749,등원중학교,True
133,"우장산아이파크,이편한세상",2008,개인, , ,111000,21,3,2025,중개거래,서울 강서구,59.98,16,1159,N,25.05.30,11500,개인,화곡동,17,1,2025-03,1,서울 강서구,서울 강서구 화곡동 1159,1,37.5493547358614,126.838765589968,30~60,177.70053365431397,서울내발산초등학교,547.8686881712914,화곡중학교,True
102,일신건영휴먼빌,2004,개인, , ,77500,22,3,2025,중개거래,서울 강서구,59.984,11,1496,N,25.06.16,11500,개인,가양동,21,0,2025-03,1,서울 강서구,서울 강서구 가양동 1496,1,37.568917121163,126.842201078875,30~60,274.19337964784523,서울양천초등학교,290.3429304060559,성재중학교,True
507,주공5,1995,개인, , ,57000,10,3,2025,중개거래,서울 강서구,37.67,6,695,N,25.06.09,11500,개인,등촌동,30,0,2025-03,1,서울 강서구,서울 강서구 등촌동 695,0,37.5604516606831,126.84486883674,30~60,225.1309535308755,서울등명초등학교,141.19359205432525,등명중학교,True
120,"우장산아이파크,이편한세상",2008,개인, , ,126000,4,3,2025,중개거래,서울 강서구,84.97,11,1159,N,25.04.30,11500,개인,화곡동,17,0,2025-03,1,서울 강서구,서울 강서구 화곡동 1159,1,37.5493547358614,126.838765589968,60~90,177.70053365431397,서울내발산초등학교,547.8686881712914,화곡중학교,True
 ,가양6단지,1992,개인,25.04.15,O,83500,4,3,2025,중개거래,서울 강서구,58.65,14,1485,N, ,11500,개인,가양동,33,0,2025-03,1,서울 강서구,서울 강서구 가양동 1485,1,37.5632291233676,126.859294056062,30~60,131.42417741845085,서울가양초등학교,258.69662257001545,경서중학교,True
106동,e편한세상염창,2019,개인, , ,145000,15,3,2025,중개거래,서울 강서구,84.9529,18,309,N,25.07.18,11500,개인,염창동,6,1,2025-03,1,서울 강서구,서울 강서구 염창동 309,1,37.5489515385441,126.870778019807,60~90,375.60350891434473,서울염동초등학교,193.25615921885807,양동중학교,True
110,강서힐스테이트,2015,개인, , ,107000,22,3,2025,중개거래,서울 강서구,59.99,1,1165,N,25.04.10,11500,개인,화곡동,10,0,2025-03,1,서울 강서구,서울 강서구 화곡동 1165,1,37.5466340065991,126.840034541157,30~60,499.66313696914074,서울내발산초등학교,679.2583783921277,화곡중학교,True
101,이너스내안에,2004,개인, , ,82000,11,3,2025,중개거래,서울 강서구,84.91,13,254-2,N,25.06.13,11500,개인,염창동,21,0,2025-03,1,서울 강서구,서울 강서구 염창동 254-2,1,37.5507409739319,126.876382201086,60~90,386.643819037264,서울염동초등학교,566.2434352404272,염창중학교,True
101,이너스내안에,2004,개인, , ,66300,11,3,2025,중개거래,서울 강서구,59.9,4,254-2,N,25.06.13,11500,개인,염창동,21,0,2025-03,1,서울 강서구,서울 강서구 염창동 254-2,1,37.5507409739319,126.876382201086,30~60,386.643819037264,서울염동초등학교,566.2434352404272,염창중학교,True
 ,마곡태승훼미리아파트,2005,개인, , ,61000,11,3,2025,중개거래,서울 강서구,80.25,7,1454,N,25.06.12,11500,개인,마곡동,20,0,2025-03,1,서울 강서구,서울 강서구 마곡동 1454,1,37.5712848693104,126.819988379217,60~90,388.41285916015903,서울송화초등학교,379.62407679569816,마곡중학교,True
 ,가양6단지,1992,개인,25.04.23,O,73500,11,3,2025,중개거래,서울 강서구,49.5,10,1485,N, ,11500,개인,가양동,33,0,2025-03,1,서울 강서구,서울 강서구 가양동 1485,1,37.5632291233676,126.859294056062,30~60,131.42417741845085,서울가양초등학교,258.69662257001545,경서중학교,True
303,청솔,1994,개인, , ,55000,11,3,2025,중개거래,서울 강서구,49.2,3,832,N,25.06.12,11500,개인,방화동,31,0,2025-03,1,서울 강서구,서울 강서구 방화동 832,1,37.5756309765944,126.812965285254,30~60,151.84318398546318,서울치현초등학교,419.3136610500135,방원중학교,True
 ,강서힐스테이트,2015,개인, , ,108000,16,3,2025,중개거래,서울 강서구,59.99,4,1165,N, ,11500,개인,화곡동,10,0,2025-03,1,서울 강서구,서울 강서구 화곡동 1165,1,37.5466340065991,126.840034541157,30~60,499.66313696914074,서울내발산초등학교,679.2583783921277,화곡중학교,True
 ,강서힐스테이트,2015,개인,25.03.28,O,135000,8,3,2025,중개거래,서울 강서구,84.99,9,1165,N, ,11500,개인,화곡동,10,0,2025-03,1,서울 강서구,서울 강서구 화곡동 1165,1,37.5466340065991,126.840034541157,60~90,499.66313696914074,서울내발산초등학교,679.2583783921277,화곡중학교,True
에이원아파트,에이원,2005,개인, , ,25800,10,3,2025,중개거래,서울 강서구,49.81,3,392-58,N,25.05.14,11500,개인,화곡동,20,0,2025-03,1,서울 강서구,서울 강서구 화곡동 392-58,1,37.5321947865444,126.849291684469,30~60,307.2596507041563,서울신정초등학교,754.0415829467448,화원중학교,True
113,우장산힐스테이트,2005,개인, , ,137000,13,3,2025,중개거래,서울 강서구,84.98,7,657,N,25.06.09,11500,개인,내발산동,20,0,2025-03,1,서울 강서구,서울 강서구 내발산동 657,1,37.5562956592551,126.838965102044,60~90,261.1734725460745,서울가곡초등학교,516.4734888668168,명덕여자중학교,True
103,롯데캐슬,2005,개인, , ,128500,3,3,2025,중개거래,서울 강서구,84.9519,10,272-11,N,25.05.09,11500,개인,염창동,20,0,2025-03,1,서울 강서구,서울 강서구 염창동 272-11,1,37.5507590570618,126.86835517972,60~90,281.8263487091466,서울염창초등학교,267.2169581170598,양동중학교,True
1202,마곡중앙하이츠아파트,1994,개인, , ,55000,21,3,2025,중개거래,서울 강서구,51.03,7,852,N,25.05.30,11500,개인,방화동,31,0,2025-03,1,서울 강서구,서울 강서구 방화동 852,1,37.5698046000523,126.806639355477,30~60,143.78986924607477,서울방화초등학교,608.4979060973445,방화중학교,True
204,가양2단지(성지),1992,개인, , ,49000,12,3,2025,중개거래,서울 강서구,34.44,14,1461,N,25.05.23,11500,개인,가양동,33,0,2025-03,1,서울 강서구,서울 강서구 가양동 1461,0,37.5704957193283,126.847174411361,30~60,615.9218085381814,서울탑산초등학교,191.34873168776193,성재중학교,True
207,가양2단지(성지),1992,개인, , ,71450,8,3,2025,중개거래,서울 강서구,49.56,6,1461,N,25.06.13,11500,개인,가양동,33,0,2025-03,1,서울 강서구,서울 강서구 가양동 1461,0,37.5704957193283,126.847174411361,30~60,615.9218085381814,서울탑산초등학교,191.34873168776193,성재중학교,True
1204,마곡중앙하이츠아파트,1994,개인, , ,37800,20,3,2025,중개거래,서울 강서구,39.58,10,852,N,25.06.23,11500,개인,방화동,31,0,2025-03,1,서울 강서구,서울 강서구 방화동 852,1,37.5698046000523,126.806639355477,30~60,143.78986924607477,서울방화초등학교,608.4979060973445,방화중학교,True
215,방화그린,1993,개인, , ,40500,14,3,2025,중개거래,서울 강서구,39.76,12,839,N,25.05.14,11500,개인,방화동,32,0,2025-03,1,서울 강서구,서울 강서구 방화동 839,0,37.5747821264629,126.818960346599,30~60,241.69726735105394,서울정곡초등학교,777.5305181791787,마곡중학교,True
204,가양2단지(성지),1992,개인, , ,62000,10,3,2025,중개거래,서울 강서구,39.6,12,1461,N,25.05.08,11500,개인,가양동,33,0,2025-03,1,서울 강서구,서울 강서구 가양동 1461,0,37.5704957193283,126.847174411361,30~60,615.9218085381814,서울탑산초등학교,191.34873168776193,성재중학교,True
 ,강서힐스테이트,2015,개인, , ,140500,10,3,2025,중개거래,서울 강서구,128.81,4,1165,N, ,11500,개인,화곡동,10,0,2025-03,1,서울 강서구,서울 강서구 화곡동 1165,1,37.5466340065991,126.840034541157,120~150,499.66313696914074,서울내발산초등학교,679.2583783921277,화곡중학교,True
 ,가양강나루현대,1999,개인,25.04.28,O,89500,1,3,2025,중개거래,"서울 강서구, 서울 서초구",59.76,11,448-1,N, ,11500,개인,가양동,26,0,2025-03,1,서울 강서구,서울 강서구 가양동 448-1,1,37.5607561619781,126.856971359725,30~60,212.2597732587823,서울가양초등학교,88.37319482365415,경서중학교,True
202,한강동아,1998,개인, , ,79500,8,3,2025,중개거래,서울 강서구,59.97,7,293,N,25.06.20,11500,개인,염창동,27,0,2025-03,1,서울 강서구,서울 강서구 염창동 293,0,37.5539729003829,126.874209750249,30~60,265.32305978348353,서울염동초등학교,219.97025608127365,염창중학교,True
103,삼정그린코아,2001,개인, , ,120000,7,3,2025,중개거래,서울 강서구,114.877,15,282,N,25.04.17,11500,개인,염창동,24,1,2025-03,1,서울 강서구,서울 강서구 염창동 282,1,37.5479652131545,126.874704745545,90~120,481.0061788602296,서울양화초등학교,531.0029849922167,양동중학교,True
516,마곡수명산파크5단지,2008,개인, , ,89700,3,3,2025,중개거래,"서울 강서구, 서울 마포구",59.76,10,749,N,25.05.08,11500,개인,내발산동,17,0,2025-03,1,서울 강서구,서울 강서구 내발산동 749,0,37.5519895481685,126.827067848467,30~60,294.84324790860126,서울수명초등학교,411.75507841371024,덕원중학교,True
119,강서힐스테이트,2015,개인, , ,135000,9,3,2025,중개거래,서울 강서구,84.99,15,1165,N,25.05.30,11500,개인,화곡동,10,1,2025-03,1,서울 강서구,서울 강서구 화곡동 1165,1,37.5466340065991,126.840034541157,60~90,499.66313696914074,서울내발산초등학교,679.2583783921277,화곡중학교,True
 ,성재센트리움아파트(343-35),2015,개인, , ,22600,7,3,2025,중개거래,서울 강서구,29.97,9,343-35,N,25.05.26,11500,개인,화곡동,10,0,2025-03,1,서울 강서구,서울 강서구 화곡동 343-35,1,37.531551713971,126.84605623801,~30,601.5969613926933,서울신정초등학교,609.4537705351235,화원중학교,False
502,방화5,1994,개인, , ,40500,4,3,2025,중개거래,"서울 강서구, 서울 마포구",33.18,8,814,N,25.05.23,11500,개인,방화동,31,0,2025-03,1,서울 강서구,서울 강서구 방화동 814,1,37.5771889702167,126.810252932489,30~60,369.0356671231582,서울삼정초등학교,241.13975698166942,방원중학교,True
 ,"우장산아이파크,이편한세상",2008,개인, , ,127500,11,3,2025,중개거래,서울 강서구,84.97,6,1159,N, ,11500,개인,화곡동,17,0,2025-03,1,서울 강서구,서울 강서구 화곡동 1159,1,37.5493547358614,126.838765589968,60~90,177.70053365431397,서울내발산초등학교,547.8686881712914,화곡중학교,True
 ,"우장산아이파크,이편한세상",2008,개인, , ,146000,5,3,2025,중개거래,서울 강서구,114.98,5,1159,N, ,11500,개인,화곡동,17,0,2025-03,1,서울 강서구,서울 강서구 화곡동 1159,1,37.5493547358614,126.838765589968,90~120,177.70053365431397,서울내발산초등학교,547.8686881712914,화곡중학교,True
103,우장산힐스테이트,2005,개인, , ,109000,18,3,2025,중개거래,서울 강서구,59.98,8,657,N,25.06.10,11500,개인,내발산동,20,0,2025-03,1,서울 강서구,서울 강서구 내발산동 657,1,37.5562956592551,126.838965102044,30~60,261.1734725460745,서울가곡초등학교,516.4734888668168,명덕여자중학교,True
2,신동아,1995,개인, , ,67400,6,3,2025,중개거래,서울 강서구,59.82,10,289,N,25.06.04,11500,개인,염창동,30,0,2025-03,1,서울 강서구,서울 강서구 염창동 289,0,37.5551294880285,126.869050974189,30~60,190.83593449074172,서울염경초등학교,146.19929450410322,염경중학교,True
204,가양2단지(성지),1992,개인, , ,50000,15,3,2025,중개거래,서울 강서구,34.69,5,1461,N,25.05.07,11500,개인,가양동,33,0,2025-03,1,서울 강서구,서울 강서구 가양동 1461,0,37.5704957193283,126.847174411361,30~60,615.9218085381814,서울탑산초등학교,191.34873168776193,성재중학교,True
109,가양강나루현대,1999,개인, , ,100800,8,3,2025,중개거래,서울 강서구,84.98,10,448-1,N,25.07.25,11500,개인,가양동,26,0,2025-03,1,서울 강서구,서울 강서구 가양동 448-1,1,37.5607561619781,126.856971359725,60~90,212.2597732587823,서울가양초등학교,88.37319482365415,경서중학교,True
202,가양2단지(성지),1992,개인, , ,59800,9,3,2025,중개거래,서울 강서구,39.6,13,1461,N,25.05.28,11500,개인,가양동,33,0,2025-03,1,서울 강서구,서울 강서구 가양동 1461,0,37.5704957193283,126.847174411361,30~60,615.9218085381814,서울탑산초등학교,191.34873168776193,성재중학교,True
102,우성,1992,개인, , ,72000,8,3,2025,중개거래,서울 강서구,77.43,13,630-3,N,25.06.09,11500,개인,등촌동,33,0,2025-03,1,서울 강서구,서울 강서구 등촌동 630-3,1,37.55751251764,126.859701941934,60~90,491.8639860224688,서울백석초등학교,447.9327976880982,경서중학교,True
 ,"우장산아이파크,이편한세상",2008,개인, , ,111000,9,3,2025,중개거래,서울 강서구,59.98,16,1159,N, ,11500,개인,화곡동,17,1,2025-03,1,서울 강서구,서울 강서구 화곡동 1159,1,37.5493547358614,126.838765589968,30~60,177.70053365431397,서울내발산초등학교,547.8686881712914,화곡중학교,True
916동,마곡엠밸리9단지,2021,개인, , ,125000,14,3,2025,중개거래,서울 강서구,59.86,8,744,N,25.06.10,11500,개인,마곡동,4,0,2025-03,1,서울 강서구,서울 강서구 마곡동 744,0,37.5622669688172,126.81920602303,30~60,204.14408163985445,서울공항초등학교,388.6248807382378,공항중학교,True
 ,주공3,1995,개인,25.03.21,O,83000,8,3,2025,중개거래,서울 강서구,58.14,8,688,N, ,11500,개인,등촌동,30,0,2025-03,1,서울 강서구,서울 강서구 등촌동 688,1,37.5616418349754,126.841111422493,30~60,139.5977986133136,서울등명초등학교,251.74681000774885,등명중학교,True
213,방화그린,1993,개인, , ,33000,18,3,2025,중개거래,서울 강서구,33.6,2,839,N,25.06.13,11500,개인,방화동,32,0,2025-03,1,서울 강서구,서울 강서구 방화동 839,0,37.5747821264629,126.818960346599,30~60,241.69726735105394,서울정곡초등학교,777.5305181791787,마곡중학교,True
207,가양2단지(성지),1992,개인, , ,70000,6,3,2025,중개거래,서울 강서구,49.56,12,1461,N,25.05.20,11500,개인,가양동,33,0,2025-03,1,서울 강서구,서울 강서구 가양동 1461,0,37.5704957193283,126.847174411361,30~60,615.9218085381814,서울탑산초등학교,191.34873168776193,성재중학교,True
107,부영,1994,개인, , ,90500,5,3,2025,중개거래,서울 강서구,80.64,11,691-3,N,25.06.24,11500,개인,등촌동,31,0,2025-03,1,서울 강서구,서울 강서구 등촌동 691-3,0,37.5635578457422,126.843641011129,60~90,183.1686202822346,서울등양초등학교,374.60385491517957,등명중학교,True
309,주공3,1995,개인, , ,80500,4,3,2025,중개거래,서울 강서구,58.14,10,688,N,25.04.30,11500,개인,등촌동,30,0,2025-03,1,서울 강서구,서울 강서구 등촌동 688,1,37.5616418349754,126.841111422493,30~60,139.5977986133136,서울등명초등학교,251.74681000774885,등명중학교,True
148,화곡푸르지오,2002,개인, , ,104500,17,3,2025,중개거래,서울 강서구,84.914,10,1091,N,25.05.16,11500,개인,화곡동,23,0,2025-03,1,서울 강서구,서울 강서구 화곡동 1091,0,37.5446220190794,126.831442765438,60~90,321.1509165740397,서울강신초등학교,434.67325538813714,화곡중학교,True
 ,마곡엠밸리10단지,2016,개인,25.04.25,O,136000,14,3,2025,중개거래,서울 강서구,84.89,10,747,N, ,11500,개인,마곡동,9,0,2025-03,1,서울 강서구,서울 강서구 마곡동 747,1,37.5592884593333,126.81932504091,60~90,347.52680342689746,서울공진초등학교,192.28437456811307,마곡하늬중학교,True
1303동,마곡13단지힐스테이트마스터,2017,개인, , ,146000,8,3,2025,중개거래,"서울 강서구, 서울 용산구",84.9805,7,748,N,25.06.12,11500,개인,마곡동,8,0,2025-03,1,서울 강서구,서울 강서구 마곡동 748,0,37.5577905837789,126.818287997332,60~90,399.2360025388204,서울공진초등학교,241.93127117723031,마곡하늬중학교,True
105,가양강나루현대,1999,개인, , ,89000,3,3,2025,중개거래,서울 강서구,59.76,18,448-1,N,25.06.23,11500,개인,가양동,26,1,2025-03,1,서울 강서구,서울 강서구 가양동 448-1,1,37.5607561619781,126.856971359725,30~60,212.2597732587823,서울가양초등학교,88.37319482365415,경서중학교,True
 ,향교,2003,개인, , ,30000,18,3,2025,중개거래,서울 강서구,53.34,6,251-5,N, ,11500,개인,가양동,22,0,2025-03,1,서울 강서구,서울 강서구 가양동 251-5,1,37.5708946796857,126.840099713018,30~60,92.71838334726667,서울양천초등학교,493.46015260377237,성재중학교,True
101,현대,1995,개인, , ,45000,5,3,2025,직거래, ,84.62,2,655-27,N,25.06.11,11500,개인,등촌동,30,0,2025-03,1, ,  등촌동 655-27,0,37.5559044424097,126.855316749688,60~90,446.85645401571355,서울등서초등학교,506.3212780158164,마포중학교,True
 ,등촌동아이파크,2004,개인,25.06.04,O,123000,10,3,2025,중개거래,서울 강서구,134.8836,9,715,N, ,11500,개인,등촌동,21,0,2025-03,1,서울 강서구,서울 강서구 등촌동 715,0,37.5439005769284,126.859981715413,120~150,254.28408858802376,서울등마초등학교,495.66680848427035,백석중학교,True
 ,찬누리,2016,개인, , ,23000,17,3,2025,중개거래,서울 강서구,29.93,8,916-11,N,25.03.26,11500,개인,화곡동,9,0,2025-03,1,서울 강서구,서울 강서구 화곡동 916-11,1,37.5298311770808,126.84312257529,~30,448.9685894686802,서울신강초등학교,711.1915181991313,화원중학교,True
 ,가양2단지(성지),1992,개인,25.03.19,O,49000,7,3,2025,중개거래,서울 강서구,34.44,14,1461,N, ,11500,개인,가양동,33,0,2025-03,1,서울 강서구,서울 강서구 가양동 1461,0,37.5704957193283,126.847174411361,30~60,615.9218085381814,서울탑산초등학교,191.34873168776193,성재중학교,True
120,등촌동아이파크,2004,개인, , ,102500,6,3,2025,중개거래,서울 강서구,84.9958,19,715,N,25.07.28,11500,개인,등촌동,21,1,2025-03,1,서울 강서구,서울 강서구 등촌동 715,0,37.5439005769284,126.859981715413,60~90,254.28408858802376,서울등마초등학교,495.66680848427035,백석중학교,True
1,NS파크APT,2018,개인, , ,26000,14,3,2025,중개거래,서울 강서구,28.91,4,1076-9,N,25.06.12,11500,개인,화곡동,7,0,2025-03,1,서울 강서구,서울 강서구 화곡동 1076-9,1,37.5409500349642,126.841689303276,~30,207.80592242732948,서울신월초등학교,529.5142458564558,화원중학교,True
503,주공5,1995,개인, , ,75500,17,3,2025,중개거래,서울 강서구,58.14,14,695,N,25.06.27,11500,개인,등촌동,30,0,2025-03,1,서울 강서구,서울 강서구 등촌동 695,0,37.5604516606831,126.84486883674,30~60,225.1309535308755,서울등명초등학교,141.19359205432525,등명중학교,True
 ,등촌동아이파크,2004,개인, , ,98000,10,3,2025,중개거래,"서울 강서구, 서울 양천구",84.9958,10,715,N, ,11500,개인,등촌동,21,0,2025-03,1,서울 강서구,서울 강서구 등촌동 715,0,37.5439005769284,126.859981715413,60~90,254.28408858802376,서울등마초등학교,495.66680848427035,백석중학교,True
312,강변,1992,개인, , ,80000,5,3,2025,중개거래,"서울 강서구, 서울 양천구",49.5,13,1475,N,25.06.20,11500,개인,가양동,33,0,2025-03,1,서울 강서구,서울 강서구 가양동 1475,1,37.5652163063579,126.855667621933,30~60,336.3626633132198,서울탑산초등학교,478.4224789287357,경서중학교,True
103동,e편한세상염창,2019,개인, , ,125000,14,3,2025,중개거래,"서울 강서구, 서울 양천구",59.9812,11,309,N,25.06.30,11500,개인,염창동,6,0,2025-03,1,서울 강서구,서울 강서구 염창동 309,1,37.5489515385441,126.870778019807,30~60,375.60350891434473,서울염동초등학교,193.25615921885807,양동중학교,True
111,강서힐스테이트,2015,개인, , ,137000,8,3,2025,중개거래,서울 강서구,84.99,14,1165,N,25.06.13,11500,개인,화곡동,10,0,2025-03,1,서울 강서구,서울 강서구 화곡동 1165,1,37.5466340065991,126.840034541157,60~90,499.66313696914074,서울내발산초등학교,679.2583783921277,화곡중학교,True
 ,찬누리,2016,개인, , ,21400,8,3,2025,중개거래,서울 강서구,27.37,9,916-11,N,25.04.15,11500,개인,화곡동,9,0,2025-03,1,서울 강서구,서울 강서구 화곡동 916-11,1,37.5298311770808,126.84312257529,~30,448.9685894686802,서울신강초등학교,711.1915181991313,화원중학교,True
125,"우장산아이파크,이편한세상",2008,개인, , ,123000,14,3,2025,중개거래,서울 강서구,84.97,5,1159,N,25.06.27,11500,개인,화곡동,17,0,2025-03,1,서울 강서구,서울 강서구 화곡동 1159,1,37.5493547358614,126.838765589968,60~90,177.70053365431397,서울내발산초등학교,547.8686881712914,화곡중학교,True
125,"우장산아이파크,이편한세상",2008,개인, , ,122500,10,3,2025,중개거래,서울 강서구,84.97,13,1159,N,25.05.07,11500,개인,화곡동,17,0,2025-03,1,서울 강서구,서울 강서구 화곡동 1159,1,37.5493547358614,126.838765589968,60~90,177.70053365431397,서울내발산초등학교,547.8686881712914,화곡중학교,True
203,가양2단지(성지),1992,개인, , ,70500,7,3,2025,중개거래,서울 강서구,49.56,12,1461,N,25.06.10,11500,개인,가양동,33,0,2025-03,1,서울 강서구,서울 강서구 가양동 1461,0,37.5704957193283,126.847174411361,30~60,615.9218085381814,서울탑산초등학교,191.34873168776193,성재중학교,True
204,가양2단지(성지),1992,개인, , ,49500,5,3,2025,중개거래,서울 강서구,34.44,5,1461,N,25.06.17,11500,개인,가양동,33,0,2025-03,1,서울 강서구,서울 강서구 가양동 1461,0,37.5704957193283,126.847174411361,30~60,615.9218085381814,서울탑산초등학교,191.34873168776193,성재중학교,True
 ,천우네오젠(693),2006,개인, , ,82000,3,3,2025,중개거래,서울 강서구,145.66,6,693,N,25.05.21,11500,개인,내발산동,19,0,2025-03,1,서울 강서구,서울 강서구 내발산동 693,0,37.5514793830851,126.830596449698,120~150,139.56867867420766,서울발산초등학교,346.1631340901624,덕원중학교,True
102,동아,1998,개인, , ,89500,11,3,2025,중개거래,서울 강서구,84.95,7,292,N,25.06.30,11500,개인,염창동,27,0,2025-03,1,서울 강서구,서울 강서구 염창동 292,0,37.5548515573392,126.873119215493,60~90,169.9799991587526,서울염경초등학교,137.64540825578183,염창중학교,True
1002,주공10,1995,개인, , ,76500,16,3,2025,중개거래,서울 강서구,58.14,12,702,N,25.05.30,11500,개인,등촌동,30,0,2025-03,1,서울 강서구,서울 강서구 등촌동 702,0,37.5623617210231,126.848366667212,30~60,121.73856524649224,서울등현초등학교,421.7832926307768,등원중학교,True
105동,신마곡벽산블루밍,2020,개인, , ,65500,6,3,2025,중개거래,"서울 강서구, 서울 양천구",49.775,13,904,N,25.04.28,11500,개인,방화동,5,0,2025-03,1,서울 강서구,서울 강서구 방화동 904,1,37.5712896980823,126.808179412194,30~60,293.21545882664145,서울방화초등학교,493.7899615594965,방원중학교,True
104동,신마곡벽산블루밍,2020,개인, , ,94000,7,3,2025,중개거래,"서울 강서구, 서울 양천구",84.9184,12,904,N,25.04.28,11500,개인,방화동,5,0,2025-03,1,서울 강서구,서울 강서구 방화동 904,1,37.5712896980823,126.808179412194,60~90,293.21545882664145,서울방화초등학교,493.7899615594965,방원중학교,True
가,화곡동복지,1974,개인, , ,27900,13,3,2025,중개거래,서울 강서구,53.94,1,354-54,N,25.04.09,11500,개인,화곡동,51,0,2025-03,1,서울 강서구,서울 강서구 화곡동 354-54,0,37.532625045201,126.840266532089,30~60,438.6890974847711,서울월정초등학교,441.2284697831877,화원중학교,True
1513,마곡엠벨리(15단지),2014,개인, , ,122500,3,3,2025,중개거래,서울 강서구,59.79,8,751,N,25.06.12,11500,개인,마곡동,11,0,2025-03,1,서울 강서구,서울 강서구 마곡동 751,1,37.556726750174,126.828076496675,30~60,481.53127848584774,서울공진초등학교,610.2655225279859,명덕여자중학교,True
1,강서크라운팰리스,2019,개인, , ,33500,9,3,2025,중개거래,서울 강서구,29.85,17,998-5,N,25.05.27,11500,개인,화곡동,6,1,2025-03,1,서울 강서구,서울 강서구 화곡동 998-5,0,37.5517536174218,126.849250046343,~30,372.03347334138664,서울우장초등학교,884.2293124550741,등촌중학교,True
609,마곡엠밸리6단지,2014,개인, , ,147000,14,3,2025,중개거래,서울 강서구,84.88,5,743,N,25.06.05,11500,개인,마곡동,11,0,2025-03,1,서울 강서구,서울 강서구 마곡동 743,1,37.565321846623,126.820481062137,60~90,246.91806111158616,서울공항초등학교,310.17785489885017,마곡중학교,True
707,마곡수명산파크7단지,2008,개인, , ,85800,15,3,2025,중개거래,서울 강서구,84.68,11,756,N,25.07.31,11500,개인,내발산동,17,0,2025-03,1,서울 강서구,서울 강서구 내발산동 756,0,37.5481491563284,126.822706623708,60~90,523.5145423873823,서울수명초등학교,128.2413598016902,수명중학교,True
103,벽산,1999,개인, , ,78000,1,3,2025,중개거래,서울 강서구,84.97,2,429,N,25.05.30,11500,개인,마곡동,26,0,2025-03,1,서울 강서구,서울 강서구 마곡동 429,0,37.5757346149338,126.837836153319,60~90,633.7180281728191,서울양천초등학교,962.0293566404546,성재중학교,False
 ,마곡수명산파크7단지,2008,개인,25.04.09,O,82500,14,3,2025,중개거래,서울 강서구,84.53,5,756,N, ,11500,개인,내발산동,17,0,2025-03,1,서울 강서구,서울 강서구 내발산동 756,0,37.5481491563284,126.822706623708,60~90,523.5145423873823,서울수명초등학교,128.2413598016902,수명중학교,True
101동,가양역두산위브,2022,개인, , ,93000,7,3,2025,중개거래,서울 강서구,59.98,8,726,N,25.06.25,11500,개인,등촌동,3,0,2025-03,1,서울 강서구,서울 강서구 등촌동 726,0,37.55652334419,126.854223754912,30~60,476.47861075001435,유석초등학교,407.05302514998436,마포중학교,True
 ,한울밸리움,2020,개인, , ,36000,13,3,2025,중개거래,서울 강서구,24.94,9,274-18,N,25.03.31,11500,개인,염창동,5,0,2025-03,1,서울 강서구,서울 강서구 염창동 274-18,1,37.5511338439055,126.865452585378,~30,299.89748983566034,서울염창초등학교,421.1953107701799,양동중학교,True
101,마곡금호어울림,2005,개인, , ,83300,14,3,2025,중개거래,서울 강서구,84.948,3,717,N,25.07.31,11500,개인,마곡동,20,0,2025-03,1,서울 강서구,서울 강서구 마곡동 717,0,37.5745942801032,126.837612448089,60~90,517.8150903587243,서울양천초등학교,890.6414417808256,성재중학교,False
 ,동아,1998,개인,25.03.24,O,72700,14,3,2025,중개거래,서울 강서구,59.97,14,292,N, ,11500,개인,염창동,27,0,2025-03,1,서울 강서구,서울 강서구 염창동 292,0,37.5548515573392,126.873119215493,30~60,169.9799991587526,서울염경초등학교,137.64540825578183,염창중학교,True
102,강서쌍용예가,2014,개인, , ,87800,6,3,2025,중개거래,서울 강서구,59.9194,5,308,N,25.07.21,11500,개인,염창동,11,0,2025-03,1,서울 강서구,서울 강서구 염창동 308,0,37.5554016793389,126.866556386664,30~60,258.47489868972553,서울염창초등학교,363.9018617687139,염경중학교,True
101,강변월드메르디앙,2010,개인, , ,100000,14,3,2025,중개거래,서울 강서구,84.9102,14,240-1,N,25.04.25,11500,개인,염창동,15,0,2025-03,1,서울 강서구,서울 강서구 염창동 240-1,1,37.5577647356867,126.86537637911,60~90,526.0888291595845,서울백석초등학교,579.2859216516675,염경중학교,False
 ,강서힐스테이트,2015,개인, , ,148000,4,3,2025,중개거래,서울 강서구,128.81,8,1165,N, ,11500,개인,화곡동,10,0,2025-03,1,서울 강서구,서울 강서구 화곡동 1165,1,37.5466340065991,126.840034541157,120~150,499.66313696914074,서울내발산초등학교,679.2583783921277,화곡중학교,True
 ,우성(343-75),2000,개인, , ,64000,3,3,2025,중개거래,서울 강서구,89.85,2,343-75,N,25.05.15,11500,개인,화곡동,25,0,2025-03,1,서울 강서구,서울 강서구 화곡동 343-75,1,37.5308485816949,126.846062774269,60~90,627.2893074611064,서울신정초등학교,677.246169732115,화원중학교,False
104,가양강나루현대,1999,개인, , ,101500,8,3,2025,중개거래,서울 강서구,84.98,15,448-1,N,25.03.31,11500,개인,가양동,26,1,2025-03,1,서울 강서구,서울 강서구 가양동 448-1,1,37.5607561619781,126.856971359725,60~90,212.2597732587823,서울가양초등학교,88.37319482365415,경서중학교,True
101,현대1,1994,개인, , ,86000,7,3,2025,중개거래,서울 강서구,84.34,8,288,N,25.06.04,11500,개인,염창동,31,0,2025-03,1,서울 강서구,서울 강서구 염창동 288,0,37.552852468414,126.875104087032,60~90,257.3761938074449,서울염동초등학교,335.4453730018825,염창중학교,True
306,마곡수명산파크3단지,2007,개인, , ,99800,13,3,2025,중개거래,서울 강서구,84.76,3,751,N,25.05.12,11500,개인,내발산동,18,0,2025-03,1,서울 강서구,서울 강서구 내발산동 751,0,37.5528192530167,126.824912207374,60~90,91.4065826959942,서울수명초등학교,477.9255293027758,수명중학교,True
203,마곡수명산파크2단지,2007,개인, , ,117000,8,3,2025,중개거래,서울 강서구,84.82,5,741,N,25.06.30,11500,개인,내발산동,18,0,2025-03,1,서울 강서구,서울 강서구 내발산동 741,0,37.5545042353103,126.827440597469,60~90,368.71895307513165,서울수명초등학교,581.8767525861414,명덕여자중학교,True
203,"등촌1,2단지주공아파트",1994,개인, , ,52800,1,3,2025,중개거래,서울 강서구,41.85,15,687,N,25.05.16,11500,개인,등촌동,31,1,2025-03,1,서울 강서구,서울 강서구 등촌동 687,1,37.5649734120019,126.842430453381,30~60,205.8554894303217,서울등양초등학교,536.1159963196719,등명중학교,True
301,강변,1992,개인, , ,52500,4,3,2025,중개거래,서울 강서구,34.44,7,1475,N,25.06.20,11500,개인,가양동,33,0,2025-03,1,서울 강서구,서울 강서구 가양동 1475,1,37.5652163063579,126.855667621933,30~60,336.3626633132198,서울탑산초등학교,478.4224789287357,경서중학교,True
134,우장산힐스테이트,2005,개인, , ,134000,7,3,2025,중개거래,서울 강서구,84.98,3,657,N,25.06.16,11500,개인,내발산동,20,0,2025-03,1,서울 강서구,서울 강서구 내발산동 657,1,37.5562956592551,126.838965102044,60~90,261.1734725460745,서울가곡초등학교,516.4734888668168,명덕여자중학교,True
302,강변,1992,개인, , ,54000,11,3,2025,중개거래,서울 강서구,34.44,10,1475,N,25.05.26,11500,개인,가양동,33,0,2025-03,1,서울 강서구,서울 강서구 가양동 1475,1,37.5652163063579,126.855667621933,30~60,336.3626633132198,서울탑산초등학교,478.4224789287357,경서중학교,True
101,디아인스,2018,개인, , ,25500,13,3,2025,중개거래,서울 강서구,23.93,8,899-31,N,25.06.27,11500,개인,화곡동,7,0,2025-03,1,서울 강서구,서울 강서구 화곡동 899-31,1,37.530384213943,126.846414900817,~30,621.69142266865,서울신정초등학교,670.3698123672848,양강중학교,False
102,우장산동문디이스트,2023,개인, , ,90000,5,3,2025,중개거래,서울 강서구,74.03,7,765,N,25.06.04,11500,개인,내발산동,2,0,2025-03,1,서울 강서구,서울 강서구 내발산동 765,1,37.5495742187858,126.833698409378,60~90,250.85783237388793,서울발산초등학교,157.2470765804619,화곡중학교,True
101,방화3차우림필유,2005,개인, , ,80000,6,3,2025,중개거래,서울 강서구,99.62,3,546-1,N,25.06.02,11500,개인,방화동,20,0,2025-03,1,서울 강서구,서울 강서구 방화동 546-1,1,37.5682727499685,126.808198355281,90~120,78.21926992098437,서울방화초등학교,447.5867427020716,방화중학교,True
204,"등촌1,2단지주공아파트",1994,개인, , ,53000,1,3,2025,중개거래,서울 강서구,41.85,15,687,N,25.04.30,11500,개인,등촌동,31,1,2025-03,1,서울 강서구,서울 강서구 등촌동 687,1,37.5649734120019,126.842430453381,30~60,205.8554894303217,서울등양초등학교,536.1159963196719,등명중학교,True
101,유니드,2005,개인, , ,61300,5,3,2025,중개거래,서울 강서구,73.51,4,712-2,N,25.06.10,11500,개인,내발산동,20,0,2025-03,1,서울 강서구,서울 강서구 내발산동 712-2,1,37.5502313795594,126.832151223827,60~90,102.28415436352482,서울발산초등학교,207.19789155778423,화곡중학교,True
102,태진아름,1995,개인, , ,81500,12,3,2025,중개거래,서울 강서구,84.81,5,676,N,25.05.29,11500,개인,등촌동,30,0,2025-03,1,서울 강서구,서울 강서구 등촌동 676,1,37.549652571474,126.860380385492,60~90,312.41734237977846,서울등촌초등학교,196.79780316703915,백석중학교,True
 ,주공3,1995,개인,25.05.19,O,57400,4,3,2025,중개거래,서울 강서구,37.67,6,688,N, ,11500,개인,등촌동,30,0,2025-03,1,서울 강서구,서울 강서구 등촌동 688,1,37.5616418349754,126.841111422493,30~60,139.5977986133136,서울등명초등학교,251.74681000774885,등명중학교,True
503,방화5,1994,개인, , ,42000,3,3,2025,중개거래,서울 강서구,33.18,12,814,N,25.05.02,11500,개인,방화동,31,0,2025-03,1,서울 강서구,서울 강서구 방화동 814,1,37.5771889702167,126.810252932489,30~60,369.0356671231582,서울삼정초등학교,241.13975698166942,방원중학교,True
 ,무학,1999,개인,25.04.15,O,70500,8,3,2025,중개거래,서울 강서구,59.38,2,255,N, ,11500,개인,염창동,26,0,2025-03,1,서울 강서구,서울 강서구 염창동 255,0,37.5513949211236,126.876557322294,30~60,379.7390598238491,서울염동초등학교,531.08538022244,염창중학교,True
501,주공5,1995,개인, , ,75000,8,3,2025,중개거래,서울 강서구,58.14,10,695,N,25.06.17,11500,개인,등촌동,30,0,2025-03,1,서울 강서구,서울 강서구 등촌동 695,0,37.5604516606831,126.84486883674,30~60,225.1309535308755,서울등명초등학교,141.19359205432525,등명중학교,True
1003,주공10,1995,개인, , ,57000,12,3,2025,직거래, ,58.14,10,702,N,25.03.12,11500,개인,등촌동,30,0,2025-03,1, ,  등촌동 702,0,37.5623617210231,126.848366667212,30~60,121.73856524649224,서울등현초등학교,421.7832926307768,등원중학교,True
 ,"우장산아이파크,이편한세상",2008,개인, , ,133000,5,3,2025,중개거래,서울 강서구,101.65,2,1159,N, ,11500,개인,화곡동,17,0,2025-03,1,서울 강서구,서울 강서구 화곡동 1159,1,37.5493547358614,126.838765589968,90~120,177.70053365431397,서울내발산초등학교,547.8686881712914,화곡중학교,True
508,주공5,1995,개인, , ,56000,4,3,2025,중개거래,서울 강서구,37.67,14,695,N,25.04.04,11500,개인,등촌동,30,0,2025-03,1,서울 강서구,서울 강서구 등촌동 695,0,37.5604516606831,126.84486883674,30~60,225.1309535308755,서울등명초등학교,141.19359205432525,등명중학교,True
 ,우장산힐스테이트,2005,개인,25.06.02,O,110500,4,3,2025,중개거래,서울 강서구,59.98,14,657,N, ,11500,개인,내발산동,20,0,2025-03,1,서울 강서구,서울 강서구 내발산동 657,1,37.5562956592551,126.838965102044,30~60,261.1734725460745,서울가곡초등학교,516.4734888668168,명덕여자중학교,True
 ,마곡수명산파크7단지,2008,개인,25.03.24,O,85800,9,3,2025,중개거래,서울 강서구,84.68,8,756,N, ,11500,개인,내발산동,17,0,2025-03,1,서울 강서구,서울 강서구 내발산동 756,0,37.5481491563284,126.822706623708,60~90,523.5145423873823,서울수명초등학교,128.2413598016902,수명중학교,True
130,"우장산아이파크,이편한세상",2008,개인, , ,106500,5,3,2025,중개거래,서울 강서구,59.98,15,1159,N,25.06.11,11500,개인,화곡동,17,1,2025-03,1,서울 강서구,서울 강서구 화곡동 1159,1,37.5493547358614,126.838765589968,30~60,177.70053365431397,서울내발산초등학교,547.8686881712914,화곡중학교,True
 ,마곡13단지힐스테이트마스터,2017,개인, , ,147500,8,3,2025,중개거래,서울 강서구,84.9881,13,748,N, ,11500,개인,마곡동,8,0,2025-03,1,서울 강서구,서울 강서구 마곡동 748,0,37.5577905837789,126.818287997332,60~90,399.2360025388204,서울공진초등학교,241.93127117723031,마곡하늬중학교,True
 ,강서힐스테이트,2015,개인,25.04.14,O,115000,8,3,2025,중개거래,서울 강서구,59.99,15,1165,N, ,11500,개인,화곡동,10,1,2025-03,1,서울 강서구,서울 강서구 화곡동 1165,1,37.5466340065991,126.840034541157,30~60,499.66313696914074,서울내발산초등학교,679.2583783921277,화곡중학교,True
301,주공3,1995,개인, , ,83500,7,3,2025,중개거래,서울 강서구,58.14,10,688,N,25.05.16,11500,개인,등촌동,30,0,2025-03,1,서울 강서구,서울 강서구 등촌동 688,1,37.5616418349754,126.841111422493,30~60,139.5977986133136,서울등명초등학교,251.74681000774885,등명중학교,True
101,우장산월드메르디앙,2005,개인, , ,83000,6,3,2025,중개거래,서울 강서구,84.4476,4,734,N,25.06.16,11500,개인,내발산동,20,0,2025-03,1,서울 강서구,서울 강서구 내발산동 734,1,37.5543841861533,126.83823382591,60~90,238.79282614900225,서울가곡초등학교,380.42355018956096,명덕여자중학교,True
105,부영,1994,개인, , ,90300,8,3,2025,중개거래,서울 강서구,80.64,9,691-3,N,25.05.28,11500,개인,등촌동,31,0,2025-03,1,서울 강서구,서울 강서구 등촌동 691-3,0,37.5635578457422,126.843641011129,60~90,183.1686202822346,서울등양초등학교,374.60385491517957,등명중학교,True
 ,수산동우,2005,개인, , ,55000,4,3,2025,중개거래,서울 강서구,84.32,2,1018-32,N,25.05.27,11500,개인,화곡동,20,0,2025-03,1,서울 강서구,서울 강서구 화곡동 1018-32,0,37.5436482949047,126.833081184722,60~90,351.8538485695167,서울강신초등학교,456.3524960463779,신화중학교,True
 ,마곡엠밸리7단지,2014,개인,25.06.18,O,170000,3,3,2025,중개거래,서울 강서구,84.91,12,743-4,N, ,11500,개인,마곡동,11,0,2025-03,1,서울 강서구,서울 강서구 마곡동 743-4,1,37.5648812125749,126.823376663134,60~90,268.9169831745912,서울공항초등학교,394.0812278889057,마곡중학교,True
 ,마곡엠밸리9단지,2021,개인,25.03.10,O,110000,10,3,2025,중개거래,서울 강서구,59.86,1,744,N, ,11500,개인,마곡동,4,0,2025-03,1,서울 강서구,서울 강서구 마곡동 744,0,37.5622669688172,126.81920602303,30~60,204.14408163985445,서울공항초등학교,388.6248807382378,공항중학교,True
101,"우장산아이파크,이편한세상",2008,개인, , ,109000,10,3,2025,중개거래,서울 강서구,59.98,13,1159,N,25.04.30,11500,개인,화곡동,17,0,2025-03,1,서울 강서구,서울 강서구 화곡동 1159,1,37.5493547358614,126.838765589968,30~60,177.70053365431397,서울내발산초등학교,547.8686881712914,화곡중학교,True
607,가양6단지,1992,개인, , ,79500,1,3,2025,중개거래,서울 강서구,58.65,3,1485,N,25.05.02,11500,개인,가양동,33,0,2025-03,1,서울 강서구,서울 강서구 가양동 1485,1,37.5632291233676,126.859294056062,30~60,131.42417741845085,서울가양초등학교,258.69662257001545,경서중학교,True
 ,팔라이스아파트먼트(915-8),2014,개인, , ,19300,2,3,2025,중개거래,서울 강서구,30.14,10,915-8,N,25.04.21,11500,개인,화곡동,11,0,2025-03,1,서울 강서구,서울 강서구 화곡동 915-8,1,37.5290173948279,126.844008076987,30~60,384.45374591889976,서울신강초등학교,673.7195423012788,양강중학교,True
503,주공5,1995,개인, , ,76700,8,3,2025,중개거래,서울 강서구,58.14,9,695,N,25.03.21,11500,개인,등촌동,30,0,2025-03,1,서울 강서구,서울 강서구 등촌동 695,0,37.5604516606831,126.84486883674,30~60,225.1309535308755,서울등명초등학교,141.19359205432525,등명중학교,True
507,마곡수명산파크5단지,2008,개인, , ,87000,2,3,2025,중개거래,서울 강서구,59.84,4,749,N,25.04.25,11500,개인,내발산동,17,0,2025-03,1,서울 강서구,서울 강서구 내발산동 749,0,37.5519895481685,126.827067848467,30~60,294.84324790860126,서울수명초등학교,411.75507841371024,덕원중학교,True
302,청솔,1994,개인, , ,49700,3,3,2025,중개거래,서울 강서구,49.2,11,832,N,25.05.13,11500,개인,방화동,31,0,2025-03,1,서울 강서구,서울 강서구 방화동 832,1,37.5756309765944,126.812965285254,30~60,151.84318398546318,서울치현초등학교,419.3136610500135,방원중학교,True
306,동아3,1999,개인, , ,90000,8,3,2025,중개거래,서울 강서구,84.87,17,258-1,N,25.06.13,11500,개인,염창동,26,1,2025-03,1,서울 강서구,서울 강서구 염창동 258-1,1,37.5501995704814,126.877425235008,60~90,495.30927108220317,서울염동초등학교,674.7036726064418,염창중학교,True
307,주공3,1995,개인, , ,85000,8,3,2025,중개거래,서울 강서구,58.14,7,688,N,25.05.13,11500,개인,등촌동,30,0,2025-03,1,서울 강서구,서울 강서구 등촌동 688,1,37.5616418349754,126.841111422493,30~60,139.5977986133136,서울등명초등학교,251.74681000774885,등명중학교,True
402,마곡수명산파크4단지,2008,개인, , ,96000,9,3,2025,중개거래,서울 강서구,84.96,3,753,N,25.05.30,11500,개인,내발산동,17,0,2025-03,1,서울 강서구,서울 강서구 내발산동 753,0,37.5512348671569,126.823351155728,60~90,176.9456436477628,서울수명초등학교,302.64821743453786,수명중학교,True
202,한강동아,1998,개인, , ,79000,7,3,2025,중개거래,서울 강서구,59.97,14,293,N,25.05.27,11500,개인,염창동,27,0,2025-03,1,서울 강서구,서울 강서구 염창동 293,0,37.5539729003829,126.874209750249,30~60,265.32305978348353,서울염동초등학교,219.97025608127365,염창중학교,True
407,마곡수명산파크4단지,2008,개인, , ,89500,4,3,2025,중개거래,서울 강서구,59.84,11,753,N,25.04.25,11500,개인,내발산동,17,0,2025-03,1,서울 강서구,서울 강서구 내발산동 753,0,37.5512348671569,126.823351155728,30~60,176.9456436477628,서울수명초등학교,302.64821743453786,수명중학교,True
101,강서월드메르디앙,2006,개인, , ,82000,8,3,2025,중개거래,서울 강서구,84.8945,6,659-1,N,25.05.16,11500,개인,내발산동,19,0,2025-03,1,서울 강서구,서울 강서구 내발산동 659-1,0,37.556864954614,126.843013179215,60~90,450.6874928593085,서울등명초등학교,370.305672173017,등명중학교,True
1206,마곡중앙하이츠아파트,1994,개인, , ,56000,9,3,2025,중개거래,서울 강서구,59.34,15,852,N,25.06.10,11500,개인,방화동,31,1,2025-03,1,서울 강서구,서울 강서구 방화동 852,1,37.5698046000523,126.806639355477,30~60,143.78986924607477,서울방화초등학교,608.4979060973445,방화중학교,True
602,가양6단지,1992,개인, , ,62000,1,3,2025,중개거래,서울 강서구,39.6,3,1485,N,25.05.02,11500,개인,가양동,33,0,2025-03,1,서울 강서구,서울 강서구 가양동 1485,1,37.5632291233676,126.859294056062,30~60,131.42417741845085,서울가양초등학교,258.69662257001545,경서중학교,True
203,등촌동아이파크,2004,개인, , ,94600,1,3,2025,중개거래,서울 강서구,84.7556,15,715,N,25.05.16,11500,개인,등촌동,21,1,2025-03,1,서울 강서구,서울 강서구 등촌동 715,0,37.5439005769284,126.859981715413,60~90,254.28408858802376,서울등마초등학교,495.66680848427035,백석중학교,True
1314동,마곡13단지힐스테이트마스터,2017,개인, , ,132000,8,3,2025,직거래, ,84.9881,15,748,N,25.04.24,11500,개인,마곡동,8,1,2025-03,1, ,  마곡동 748,0,37.5577905837789,126.818287997332,60~90,399.2360025388204,서울공진초등학교,241.93127117723031,마곡하늬중학교,True
104동,e편한세상염창,2019,개인, , ,133500,6,3,2025,중개거래,서울 강서구,74.2998,20,309,N,25.07.21,11500,개인,염창동,6,1,2025-03,1,서울 강서구,서울 강서구 염창동 309,1,37.5489515385441,126.870778019807,60~90,375.60350891434473,서울염동초등학교,193.25615921885807,양동중학교,True
 ,원흥타운,1996,개인, , ,49500,1,3,2025,중개거래,서울 강서구,83.7,6,1087-5,N,25.05.26,11500,개인,화곡동,29,0,2025-03,1,서울 강서구,서울 강서구 화곡동 1087-5,0,37.5385300686235,126.835512483567,60~90,398.46487136887333,서울월정초등학교,571.2738555226427,신화중학교,True
 ,방신서광,2003,개인,25.04.09,O,67500,5,3,2025,중개거래,서울 강서구,84.3819,2,871,N, ,11500,개인,방화동,22,0,2025-03,1,서울 강서구,서울 강서구 방화동 871,1,37.5720215579008,126.81068023575,60~90,463.244399194634,서울방화초등학교,466.2769077530663,방원중학교,True
107,강서한강자이,2013,개인, , ,145000,6,3,2025,중개거래,서울 강서구,84.9903,17,1500,N,25.07.03,11500,개인,가양동,12,1,2025-03,1,서울 강서구,서울 강서구 가양동 1500,0,37.5664868440078,126.849144523266,60~90,310.1225798288576,서울탑산초등학교,470.2894416407788,성재중학교,True
 ,강서힐스테이트,2015,개인,25.03.24,O,133500,5,3,2025,중개거래,서울 강서구,84.99,13,1165,N, ,11500,개인,화곡동,10,0,2025-03,1,서울 강서구,서울 강서구 화곡동 1165,1,37.5466340065991,126.840034541157,60~90,499.66313696914074,서울내발산초등학교,679.2583783921277,화곡중학교,True
101,초록,1998,개인, , ,66300,7,3,2025,중개거래,서울 강서구,59.34,4,1139,N,25.03.07,11500,개인,화곡동,27,0,2025-03,1,서울 강서구,서울 강서구 화곡동 1139,1,37.545684414842,126.833623087174,30~60,531.6052700542137,서울강신초등학교,314.05879144888075,화곡중학교,True
1305동,마곡13단지힐스테이트마스터,2017,개인, , ,128000,2,3,2025,중개거래,서울 강서구,59.9825,7,748,N,25.04.11,11500,개인,마곡동,8,0,2025-03,1,서울 강서구,서울 강서구 마곡동 748,0,37.5577905837789,126.818287997332,30~60,399.2360025388204,서울공진초등학교,241.93127117723031,마곡하늬중학교,True
 ,삼성한아름,1993,개인, , ,79500,4,3,2025,중개거래,서울 강서구,84.89,15,264-27,N,25.05.23,11500,개인,염창동,32,1,2025-03,1,서울 강서구,서울 강서구 염창동 264-27,1,37.5500695849946,126.871602195238,60~90,234.38247667428897,서울염동초등학교,317.22044416390634,양동중학교,True
102동,신마곡벽산블루밍,2020,개인, , ,79700,5,3,2025,중개거래,서울 강서구,59.7592,14,904,N,25.05.15,11500,개인,방화동,5,0,2025-03,1,서울 강서구,서울 강서구 방화동 904,1,37.5712896980823,126.808179412194,30~60,293.21545882664145,서울방화초등학교,493.7899615594965,방원중학교,True
 ,강서쌍용예가,2014,개인,25.04.10,O,89000,5,3,2025,중개거래,"서울 강서구, 서울 구로구",59.9194,5,308,N, ,11500,개인,염창동,11,0,2025-03,1,서울 강서구,서울 강서구 염창동 308,0,37.5554016793389,126.866556386664,30~60,258.47489868972553,서울염창초등학교,363.9018617687139,염경중학교,True
105,한솔솔파크,2005,개인, , ,105000,6,3,2025,중개거래,서울 강서구,84.87,8,716,N,25.04.21,11500,개인,마곡동,20,0,2025-03,1,서울 강서구,서울 강서구 마곡동 716,1,37.569719911244,126.82331418689,60~90,498.02305876466795,서울송화초등학교,256.6075370779759,마곡중학교,True
506,방화5,1994,개인, , ,38800,1,3,2025,중개거래,서울 강서구,33.18,3,814,N,25.04.25,11500,개인,방화동,31,0,2025-03,1,서울 강서구,서울 강서구 방화동 814,1,37.5771889702167,126.810252932489,30~60,369.0356671231582,서울삼정초등학교,241.13975698166942,방원중학교,True
1,GMValley,2018,개인, , ,20000,3,3,2025,중개거래,서울 강서구,24.6,10,899-27,N,25.03.25,11500,개인,화곡동,7,0,2025-03,1,서울 강서구,서울 강서구 화곡동 899-27,1,37.5303684276653,126.845571396021,~30,581.0434718082597,서울신강초등학교,703.6186750738832,양강중학교,False
201,한사랑2삼성,1999,개인, , ,88500,1,3,2025,중개거래,"서울 강서구, 서울 구로구",84.96,11,634-2,N,25.06.02,11500,개인,등촌동,26,0,2025-03,1,서울 강서구,서울 강서구 등촌동 634-2,1,37.554612829484,126.864162394395,60~90,187.1375006888177,서울백석초등학교,497.0386112258321,등촌중학교,True
 ,한양아이클래스,2013,개인, , ,7400,3,3,2025,중개거래,서울 강서구,13.79,7,926-5,N,25.03.18,11500,개인,화곡동,12,0,2025-03,1,서울 강서구,서울 강서구 화곡동 926-5,0,37.528850565178,126.841934243018,~30,334.9407658608697,서울신강초등학교,807.9863592102173,양강중학교,True
304,주공3,1995,개인, , ,82000,3,3,2025,중개거래,서울 강서구,58.14,13,688,N,25.05.29,11500,개인,등촌동,30,0,2025-03,1,서울 강서구,서울 강서구 등촌동 688,1,37.5616418349754,126.841111422493,30~60,139.5977986133136,서울등명초등학교,251.74681000774885,등명중학교,True
309,강변,1992,개인, , ,61000,3,3,2025,중개거래,서울 강서구,39.6,13,1475,N,25.04.15,11500,개인,가양동,33,0,2025-03,1,서울 강서구,서울 강서구 가양동 1475,1,37.5652163063579,126.855667621933,30~60,336.3626633132198,서울탑산초등학교,478.4224789287357,경서중학교,True
승윤노블리안아파트,마곡승윤노블리안아파트,2008,개인, , ,64000,3,3,2025,중개거래,서울 강서구,76.76,7,1360,N,25.06.11,11500,개인,마곡동,17,0,2025-03,1,서울 강서구,서울 강서구 마곡동 1360,1,37.5713604871978,126.81765599351,60~90,357.8278793066905,서울송화초등학교,491.3190988260058,마곡중학교,True
